ISO-10303-21;
HEADER;
/* Generated by software containing ST-Developer
 * from STEP Tools, Inc. (www.steptools.com) 
 */
/* OPTION: using custom renumber hook */

FILE_DESCRIPTION(
/* description */ ('STEP AP242 Edition 2',
'CAx-IF Rec.Pracs.---Representation and Presentation of Product Manufa
cturing Information (PMI)---4.0---2014-10-13',
'CAx-IF Rec.Pracs.---3D Tessellated Geometry---0.4---2014-09-14','2;1',
'CAx-IF Rec.Pracs.---User Defined Attributes---1.5---2016-08-15'),
/* implementation_level */ '2;1');

FILE_NAME(
/* name */ 'Part Studio 1',
/* time_stamp */ '2026-10-06T00:25:28Z',
/* author */ (''),
/* organization */ (''),
/* preprocessor_version */ 'ST-DEVELOPER v20',
/* originating_system */ 'ONSHAPE BY PTC INC, 1.221',
/* authorisation */ '  ');

FILE_SCHEMA (('AP242_MANAGED_MODEL_BASED_3D_ENGINEERING_MIM_LF { 1 0 10303 442 3 1 4 }'));
ENDSEC;

DATA;
#10=SHAPE_REPRESENTATION_RELATIONSHIP('','',#3955,#11);
#11=ADVANCED_BREP_SHAPE_REPRESENTATION('',(#3953),#5797);
#12=ELLIPSE('',#4055,0.00226274169979695,0.0016);
#13=ELLIPSE('',#4064,0.00226274169979695,0.0016);
#14=B_SPLINE_CURVE_WITH_KNOTS('',3,(#5472,#5473,#5474,#5475,#5476),
 .UNSPECIFIED.,.F.,.F.,(4,1,4),(0.,0.000201145552471039,0.000402291104942077),
 .UNSPECIFIED.);
#15=B_SPLINE_CURVE_WITH_KNOTS('',3,(#5484,#5485,#5486,#5487,#5488),
 .UNSPECIFIED.,.F.,.F.,(4,1,4),(0.,0.00019925038173206,0.00039850076346412),
 .UNSPECIFIED.);
#16=B_SPLINE_CURVE_WITH_KNOTS('',3,(#5498,#5499,#5500,#5501,#5502,#5503,
#5504),.UNSPECIFIED.,.F.,.F.,(4,1,1,1,4),(8.67361737988404E-19,0.000393135738729283,
0.000786271477458565,0.00117940721618785,0.00157254295491713),
 .UNSPECIFIED.);
#17=B_SPLINE_CURVE_WITH_KNOTS('',3,(#5512,#5513,#5514,#5515,#5516,#5517,
#5518),.UNSPECIFIED.,.F.,.F.,(4,1,1,1,4),(0.,0.000393135738729286,0.000786271477458572,
0.00117940721618786,0.00157254295491714),.UNSPECIFIED.);
#18=B_SPLINE_CURVE_WITH_KNOTS('',3,(#5530,#5531,#5532,#5533,#5534,#5535,
#5536),.UNSPECIFIED.,.F.,.F.,(4,1,1,1,4),(0.,0.000393135738729283,0.000786271477458566,
0.00117940721618785,0.00157254295491713),.UNSPECIFIED.);
#19=B_SPLINE_CURVE_WITH_KNOTS('',3,(#5546,#5547,#5548,#5549,#5550),
 .UNSPECIFIED.,.F.,.F.,(4,1,4),(0.,0.000201145552471037,0.000402291104942075),
 .UNSPECIFIED.);
#20=B_SPLINE_CURVE_WITH_KNOTS('',3,(#5558,#5559,#5560,#5561,#5562),
 .UNSPECIFIED.,.F.,.F.,(4,1,4),(0.,0.000199250381732061,0.000398500763464122),
 .UNSPECIFIED.);
#21=B_SPLINE_CURVE_WITH_KNOTS('',3,(#5572,#5573,#5574,#5575,#5576,#5577,
#5578),.UNSPECIFIED.,.F.,.F.,(4,1,1,1,4),(0.,0.000393135738729282,0.000786271477458564,
0.00117940721618785,0.00157254295491713),.UNSPECIFIED.);
#22=CYLINDRICAL_SURFACE('',#4052,0.0016);
#23=CYLINDRICAL_SURFACE('',#4060,0.0016);
#24=CYLINDRICAL_SURFACE('',#4091,0.00045);
#25=CYLINDRICAL_SURFACE('',#4094,0.00045);
#26=CYLINDRICAL_SURFACE('',#4097,0.00045);
#27=CYLINDRICAL_SURFACE('',#4100,0.00045);
#28=CYLINDRICAL_SURFACE('',#4103,0.00045);
#29=CYLINDRICAL_SURFACE('',#4106,0.00045);
#30=CYLINDRICAL_SURFACE('',#4109,0.00045);
#31=CYLINDRICAL_SURFACE('',#4112,0.00045);
#32=CYLINDRICAL_SURFACE('',#4117,0.0002);
#33=CYLINDRICAL_SURFACE('',#4120,0.0005);
#34=CYLINDRICAL_SURFACE('',#4125,0.0002);
#35=CYLINDRICAL_SURFACE('',#4126,0.0005);
#36=CYLINDRICAL_SURFACE('',#4147,0.000611592957590092);
#37=CYLINDRICAL_SURFACE('',#4148,0.000611592957590092);
#38=CYLINDRICAL_SURFACE('',#4149,0.000611592957590092);
#39=CYLINDRICAL_SURFACE('',#4150,0.000611592957590092);
#40=CYLINDRICAL_SURFACE('',#4151,0.000611592957590092);
#41=CYLINDRICAL_SURFACE('',#4152,0.000611592957590092);
#42=CYLINDRICAL_SURFACE('',#4153,0.000611592957590092);
#43=CYLINDRICAL_SURFACE('',#4154,0.000611592957590092);
#44=CIRCLE('',#4019,0.000611592957590092);
#45=CIRCLE('',#4021,0.000611592957590092);
#46=CIRCLE('',#4023,0.000611592957590092);
#47=CIRCLE('',#4025,0.000611592957590092);
#48=CIRCLE('',#4027,0.000611592957590092);
#49=CIRCLE('',#4029,0.000611592957590092);
#50=CIRCLE('',#4031,0.000611592957590092);
#51=CIRCLE('',#4033,0.000611592957590092);
#52=CIRCLE('',#4035,0.000611592957590092);
#53=CIRCLE('',#4037,0.000611592957590092);
#54=CIRCLE('',#4039,0.000611592957590092);
#55=CIRCLE('',#4041,0.000611592957590092);
#56=CIRCLE('',#4043,0.000611592957590092);
#57=CIRCLE('',#4045,0.000611592957590092);
#58=CIRCLE('',#4047,0.000611592957590092);
#59=CIRCLE('',#4053,0.0016);
#60=CIRCLE('',#4054,0.0016);
#61=CIRCLE('',#4056,0.0016);
#62=CIRCLE('',#4057,0.0016);
#63=CIRCLE('',#4058,0.0016);
#64=CIRCLE('',#4061,0.0016);
#65=CIRCLE('',#4062,0.0016);
#66=CIRCLE('',#4063,0.0016);
#67=CIRCLE('',#4065,0.0016);
#68=CIRCLE('',#4066,0.0016);
#69=CIRCLE('',#4074,0.00045);
#70=CIRCLE('',#4075,0.00045);
#71=CIRCLE('',#4076,0.00045);
#72=CIRCLE('',#4077,0.00045);
#73=CIRCLE('',#4078,0.00045);
#74=CIRCLE('',#4079,0.00045);
#75=CIRCLE('',#4080,0.00045);
#76=CIRCLE('',#4081,0.00045);
#77=CIRCLE('',#4092,0.00045);
#78=CIRCLE('',#4095,0.00045);
#79=CIRCLE('',#4098,0.00045);
#80=CIRCLE('',#4101,0.00045);
#81=CIRCLE('',#4104,0.00045);
#82=CIRCLE('',#4107,0.00045);
#83=CIRCLE('',#4110,0.00045);
#84=CIRCLE('',#4113,0.00045);
#85=CIRCLE('',#4132,0.000611592957590092);
#86=ORIENTED_EDGE('',*,*,#914,.T.);
#87=ORIENTED_EDGE('',*,*,#915,.T.);
#88=ORIENTED_EDGE('',*,*,#916,.T.);
#89=ORIENTED_EDGE('',*,*,#917,.F.);
#90=ORIENTED_EDGE('',*,*,#918,.F.);
#91=ORIENTED_EDGE('',*,*,#919,.F.);
#92=ORIENTED_EDGE('',*,*,#920,.T.);
#93=ORIENTED_EDGE('',*,*,#921,.F.);
#94=ORIENTED_EDGE('',*,*,#922,.F.);
#95=ORIENTED_EDGE('',*,*,#923,.T.);
#96=ORIENTED_EDGE('',*,*,#924,.T.);
#97=ORIENTED_EDGE('',*,*,#925,.F.);
#98=ORIENTED_EDGE('',*,*,#926,.T.);
#99=ORIENTED_EDGE('',*,*,#927,.F.);
#100=ORIENTED_EDGE('',*,*,#928,.T.);
#101=ORIENTED_EDGE('',*,*,#929,.T.);
#102=ORIENTED_EDGE('',*,*,#930,.T.);
#103=ORIENTED_EDGE('',*,*,#931,.F.);
#104=ORIENTED_EDGE('',*,*,#932,.T.);
#105=ORIENTED_EDGE('',*,*,#933,.F.);
#106=ORIENTED_EDGE('',*,*,#934,.T.);
#107=ORIENTED_EDGE('',*,*,#935,.T.);
#108=ORIENTED_EDGE('',*,*,#936,.T.);
#109=ORIENTED_EDGE('',*,*,#937,.F.);
#110=ORIENTED_EDGE('',*,*,#938,.T.);
#111=ORIENTED_EDGE('',*,*,#939,.F.);
#112=ORIENTED_EDGE('',*,*,#940,.T.);
#113=ORIENTED_EDGE('',*,*,#941,.T.);
#114=ORIENTED_EDGE('',*,*,#942,.T.);
#115=ORIENTED_EDGE('',*,*,#943,.T.);
#116=ORIENTED_EDGE('',*,*,#944,.T.);
#117=ORIENTED_EDGE('',*,*,#945,.T.);
#118=ORIENTED_EDGE('',*,*,#946,.F.);
#119=ORIENTED_EDGE('',*,*,#947,.T.);
#120=ORIENTED_EDGE('',*,*,#948,.F.);
#121=ORIENTED_EDGE('',*,*,#949,.F.);
#122=ORIENTED_EDGE('',*,*,#950,.T.);
#123=ORIENTED_EDGE('',*,*,#951,.F.);
#124=ORIENTED_EDGE('',*,*,#952,.F.);
#125=ORIENTED_EDGE('',*,*,#953,.T.);
#126=ORIENTED_EDGE('',*,*,#954,.T.);
#127=ORIENTED_EDGE('',*,*,#955,.F.);
#128=ORIENTED_EDGE('',*,*,#920,.F.);
#129=ORIENTED_EDGE('',*,*,#956,.T.);
#130=ORIENTED_EDGE('',*,*,#957,.F.);
#131=ORIENTED_EDGE('',*,*,#956,.F.);
#132=ORIENTED_EDGE('',*,*,#958,.F.);
#133=ORIENTED_EDGE('',*,*,#959,.F.);
#134=ORIENTED_EDGE('',*,*,#960,.F.);
#135=ORIENTED_EDGE('',*,*,#961,.T.);
#136=ORIENTED_EDGE('',*,*,#962,.T.);
#137=ORIENTED_EDGE('',*,*,#963,.T.);
#138=ORIENTED_EDGE('',*,*,#964,.T.);
#139=ORIENTED_EDGE('',*,*,#965,.F.);
#140=ORIENTED_EDGE('',*,*,#966,.F.);
#141=ORIENTED_EDGE('',*,*,#963,.F.);
#142=ORIENTED_EDGE('',*,*,#914,.F.);
#143=ORIENTED_EDGE('',*,*,#967,.F.);
#144=ORIENTED_EDGE('',*,*,#926,.F.);
#145=ORIENTED_EDGE('',*,*,#968,.T.);
#146=ORIENTED_EDGE('',*,*,#969,.F.);
#147=ORIENTED_EDGE('',*,*,#968,.F.);
#148=ORIENTED_EDGE('',*,*,#970,.F.);
#149=ORIENTED_EDGE('',*,*,#971,.F.);
#150=ORIENTED_EDGE('',*,*,#972,.F.);
#151=ORIENTED_EDGE('',*,*,#973,.T.);
#152=ORIENTED_EDGE('',*,*,#974,.T.);
#153=ORIENTED_EDGE('',*,*,#975,.T.);
#154=ORIENTED_EDGE('',*,*,#976,.T.);
#155=ORIENTED_EDGE('',*,*,#922,.T.);
#156=ORIENTED_EDGE('',*,*,#977,.T.);
#157=ORIENTED_EDGE('',*,*,#978,.T.);
#158=ORIENTED_EDGE('',*,*,#975,.F.);
#159=ORIENTED_EDGE('',*,*,#979,.F.);
#160=ORIENTED_EDGE('',*,*,#932,.F.);
#161=ORIENTED_EDGE('',*,*,#980,.T.);
#162=ORIENTED_EDGE('',*,*,#981,.F.);
#163=ORIENTED_EDGE('',*,*,#980,.F.);
#164=ORIENTED_EDGE('',*,*,#982,.F.);
#165=ORIENTED_EDGE('',*,*,#983,.F.);
#166=ORIENTED_EDGE('',*,*,#984,.F.);
#167=ORIENTED_EDGE('',*,*,#985,.T.);
#168=ORIENTED_EDGE('',*,*,#986,.T.);
#169=ORIENTED_EDGE('',*,*,#987,.T.);
#170=ORIENTED_EDGE('',*,*,#988,.T.);
#171=ORIENTED_EDGE('',*,*,#989,.F.);
#172=ORIENTED_EDGE('',*,*,#990,.F.);
#173=ORIENTED_EDGE('',*,*,#987,.F.);
#174=ORIENTED_EDGE('',*,*,#928,.F.);
#175=ORIENTED_EDGE('',*,*,#991,.F.);
#176=ORIENTED_EDGE('',*,*,#992,.F.);
#177=ORIENTED_EDGE('',*,*,#993,.F.);
#178=ORIENTED_EDGE('',*,*,#994,.F.);
#179=ORIENTED_EDGE('',*,*,#995,.T.);
#180=ORIENTED_EDGE('',*,*,#996,.T.);
#181=ORIENTED_EDGE('',*,*,#997,.T.);
#182=ORIENTED_EDGE('',*,*,#998,.T.);
#183=ORIENTED_EDGE('',*,*,#999,.F.);
#184=ORIENTED_EDGE('',*,*,#1000,.F.);
#185=ORIENTED_EDGE('',*,*,#997,.F.);
#186=ORIENTED_EDGE('',*,*,#934,.F.);
#187=ORIENTED_EDGE('',*,*,#1001,.F.);
#188=ORIENTED_EDGE('',*,*,#938,.F.);
#189=ORIENTED_EDGE('',*,*,#991,.T.);
#190=ORIENTED_EDGE('',*,*,#1002,.F.);
#191=ORIENTED_EDGE('',*,*,#1003,.F.);
#192=ORIENTED_EDGE('',*,*,#1004,.F.);
#193=ORIENTED_EDGE('',*,*,#1005,.F.);
#194=ORIENTED_EDGE('',*,*,#1006,.F.);
#195=ORIENTED_EDGE('',*,*,#1007,.T.);
#196=ORIENTED_EDGE('',*,*,#1008,.T.);
#197=ORIENTED_EDGE('',*,*,#1009,.T.);
#198=ORIENTED_EDGE('',*,*,#1010,.T.);
#199=ORIENTED_EDGE('',*,*,#1011,.F.);
#200=ORIENTED_EDGE('',*,*,#1012,.F.);
#201=ORIENTED_EDGE('',*,*,#1009,.F.);
#202=ORIENTED_EDGE('',*,*,#940,.F.);
#203=ORIENTED_EDGE('',*,*,#1013,.F.);
#204=ORIENTED_EDGE('',*,*,#950,.F.);
#205=ORIENTED_EDGE('',*,*,#1003,.T.);
#206=ORIENTED_EDGE('',*,*,#1014,.F.);
#207=ORIENTED_EDGE('',*,*,#1015,.F.);
#208=ORIENTED_EDGE('',*,*,#1016,.F.);
#209=ORIENTED_EDGE('',*,*,#1017,.F.);
#210=ORIENTED_EDGE('',*,*,#1018,.F.);
#211=ORIENTED_EDGE('',*,*,#1019,.T.);
#212=ORIENTED_EDGE('',*,*,#1020,.T.);
#213=ORIENTED_EDGE('',*,*,#1021,.T.);
#214=ORIENTED_EDGE('',*,*,#1022,.T.);
#215=ORIENTED_EDGE('',*,*,#952,.T.);
#216=ORIENTED_EDGE('',*,*,#1023,.T.);
#217=ORIENTED_EDGE('',*,*,#1024,.T.);
#218=ORIENTED_EDGE('',*,*,#1021,.F.);
#219=ORIENTED_EDGE('',*,*,#1025,.F.);
#220=ORIENTED_EDGE('',*,*,#947,.F.);
#221=ORIENTED_EDGE('',*,*,#1015,.T.);
#222=ORIENTED_EDGE('',*,*,#1026,.F.);
#223=ORIENTED_EDGE('',*,*,#1027,.F.);
#224=ORIENTED_EDGE('',*,*,#1028,.F.);
#225=ORIENTED_EDGE('',*,*,#1029,.F.);
#226=ORIENTED_EDGE('',*,*,#1030,.F.);
#227=ORIENTED_EDGE('',*,*,#1031,.T.);
#228=ORIENTED_EDGE('',*,*,#1032,.T.);
#229=ORIENTED_EDGE('',*,*,#1033,.T.);
#230=ORIENTED_EDGE('',*,*,#1034,.T.);
#231=ORIENTED_EDGE('',*,*,#1035,.F.);
#232=ORIENTED_EDGE('',*,*,#1036,.F.);
#233=ORIENTED_EDGE('',*,*,#1033,.F.);
#234=ORIENTED_EDGE('',*,*,#943,.F.);
#235=ORIENTED_EDGE('',*,*,#1037,.F.);
#236=ORIENTED_EDGE('',*,*,#1038,.F.);
#237=ORIENTED_EDGE('',*,*,#1027,.T.);
#238=ORIENTED_EDGE('',*,*,#1039,.F.);
#239=ORIENTED_EDGE('',*,*,#1040,.T.);
#240=ORIENTED_EDGE('',*,*,#1041,.T.);
#241=ORIENTED_EDGE('',*,*,#1042,.T.);
#242=ORIENTED_EDGE('',*,*,#1043,.T.);
#243=ORIENTED_EDGE('',*,*,#1044,.F.);
#244=ORIENTED_EDGE('',*,*,#1045,.T.);
#245=ORIENTED_EDGE('',*,*,#1046,.F.);
#246=ORIENTED_EDGE('',*,*,#1047,.F.);
#247=ORIENTED_EDGE('',*,*,#1048,.F.);
#248=ORIENTED_EDGE('',*,*,#1049,.F.);
#249=ORIENTED_EDGE('',*,*,#1039,.T.);
#250=ORIENTED_EDGE('',*,*,#1034,.F.);
#251=ORIENTED_EDGE('',*,*,#1036,.T.);
#252=ORIENTED_EDGE('',*,*,#1050,.F.);
#253=ORIENTED_EDGE('',*,*,#1026,.T.);
#254=ORIENTED_EDGE('',*,*,#1022,.F.);
#255=ORIENTED_EDGE('',*,*,#1024,.F.);
#256=ORIENTED_EDGE('',*,*,#1051,.F.);
#257=ORIENTED_EDGE('',*,*,#1014,.T.);
#258=ORIENTED_EDGE('',*,*,#1010,.F.);
#259=ORIENTED_EDGE('',*,*,#1012,.T.);
#260=ORIENTED_EDGE('',*,*,#1052,.F.);
#261=ORIENTED_EDGE('',*,*,#1002,.T.);
#262=ORIENTED_EDGE('',*,*,#998,.F.);
#263=ORIENTED_EDGE('',*,*,#1000,.T.);
#264=ORIENTED_EDGE('',*,*,#1053,.F.);
#265=ORIENTED_EDGE('',*,*,#981,.T.);
#266=ORIENTED_EDGE('',*,*,#988,.F.);
#267=ORIENTED_EDGE('',*,*,#990,.T.);
#268=ORIENTED_EDGE('',*,*,#1054,.F.);
#269=ORIENTED_EDGE('',*,*,#969,.T.);
#270=ORIENTED_EDGE('',*,*,#976,.F.);
#271=ORIENTED_EDGE('',*,*,#978,.F.);
#272=ORIENTED_EDGE('',*,*,#1055,.F.);
#273=ORIENTED_EDGE('',*,*,#957,.T.);
#274=ORIENTED_EDGE('',*,*,#964,.F.);
#275=ORIENTED_EDGE('',*,*,#966,.T.);
#276=ORIENTED_EDGE('',*,*,#1056,.F.);
#277=ORIENTED_EDGE('',*,*,#1057,.T.);
#278=ORIENTED_EDGE('',*,*,#916,.F.);
#279=ORIENTED_EDGE('',*,*,#1058,.T.);
#280=ORIENTED_EDGE('',*,*,#1059,.T.);
#281=ORIENTED_EDGE('',*,*,#1060,.F.);
#282=ORIENTED_EDGE('',*,*,#924,.F.);
#283=ORIENTED_EDGE('',*,*,#1061,.T.);
#284=ORIENTED_EDGE('',*,*,#1062,.T.);
#285=ORIENTED_EDGE('',*,*,#1063,.F.);
#286=ORIENTED_EDGE('',*,*,#930,.F.);
#287=ORIENTED_EDGE('',*,*,#1064,.T.);
#288=ORIENTED_EDGE('',*,*,#1065,.T.);
#289=ORIENTED_EDGE('',*,*,#1066,.F.);
#290=ORIENTED_EDGE('',*,*,#936,.F.);
#291=ORIENTED_EDGE('',*,*,#1067,.T.);
#292=ORIENTED_EDGE('',*,*,#1068,.T.);
#293=ORIENTED_EDGE('',*,*,#1069,.F.);
#294=ORIENTED_EDGE('',*,*,#942,.F.);
#295=ORIENTED_EDGE('',*,*,#1070,.T.);
#296=ORIENTED_EDGE('',*,*,#1071,.T.);
#297=ORIENTED_EDGE('',*,*,#1072,.F.);
#298=ORIENTED_EDGE('',*,*,#945,.F.);
#299=ORIENTED_EDGE('',*,*,#1073,.T.);
#300=ORIENTED_EDGE('',*,*,#1074,.F.);
#301=ORIENTED_EDGE('',*,*,#954,.F.);
#302=ORIENTED_EDGE('',*,*,#1075,.T.);
#303=ORIENTED_EDGE('',*,*,#1076,.F.);
#304=ORIENTED_EDGE('',*,*,#1048,.T.);
#305=ORIENTED_EDGE('',*,*,#1077,.F.);
#306=ORIENTED_EDGE('',*,*,#1057,.F.);
#307=ORIENTED_EDGE('',*,*,#1078,.T.);
#308=ORIENTED_EDGE('',*,*,#917,.T.);
#309=ORIENTED_EDGE('',*,*,#1078,.F.);
#310=ORIENTED_EDGE('',*,*,#1056,.T.);
#311=ORIENTED_EDGE('',*,*,#965,.T.);
#312=ORIENTED_EDGE('',*,*,#918,.T.);
#313=ORIENTED_EDGE('',*,*,#921,.T.);
#314=ORIENTED_EDGE('',*,*,#955,.T.);
#315=ORIENTED_EDGE('',*,*,#1055,.T.);
#316=ORIENTED_EDGE('',*,*,#977,.F.);
#317=ORIENTED_EDGE('',*,*,#1054,.T.);
#318=ORIENTED_EDGE('',*,*,#989,.T.);
#319=ORIENTED_EDGE('',*,*,#927,.T.);
#320=ORIENTED_EDGE('',*,*,#967,.T.);
#321=ORIENTED_EDGE('',*,*,#933,.T.);
#322=ORIENTED_EDGE('',*,*,#979,.T.);
#323=ORIENTED_EDGE('',*,*,#1053,.T.);
#324=ORIENTED_EDGE('',*,*,#999,.T.);
#325=ORIENTED_EDGE('',*,*,#939,.T.);
#326=ORIENTED_EDGE('',*,*,#1001,.T.);
#327=ORIENTED_EDGE('',*,*,#1052,.T.);
#328=ORIENTED_EDGE('',*,*,#1011,.T.);
#329=ORIENTED_EDGE('',*,*,#951,.T.);
#330=ORIENTED_EDGE('',*,*,#1013,.T.);
#331=ORIENTED_EDGE('',*,*,#1051,.T.);
#332=ORIENTED_EDGE('',*,*,#1023,.F.);
#333=ORIENTED_EDGE('',*,*,#1037,.T.);
#334=ORIENTED_EDGE('',*,*,#1049,.T.);
#335=ORIENTED_EDGE('',*,*,#1076,.T.);
#336=ORIENTED_EDGE('',*,*,#1079,.T.);
#337=ORIENTED_EDGE('',*,*,#1080,.F.);
#338=ORIENTED_EDGE('',*,*,#1038,.T.);
#339=ORIENTED_EDGE('',*,*,#1079,.F.);
#340=ORIENTED_EDGE('',*,*,#1077,.T.);
#341=ORIENTED_EDGE('',*,*,#1047,.T.);
#342=ORIENTED_EDGE('',*,*,#948,.T.);
#343=ORIENTED_EDGE('',*,*,#1025,.T.);
#344=ORIENTED_EDGE('',*,*,#1050,.T.);
#345=ORIENTED_EDGE('',*,*,#1035,.T.);
#346=ORIENTED_EDGE('',*,*,#946,.T.);
#347=ORIENTED_EDGE('',*,*,#1072,.T.);
#348=ORIENTED_EDGE('',*,*,#1081,.T.);
#349=ORIENTED_EDGE('',*,*,#1016,.T.);
#350=ORIENTED_EDGE('',*,*,#1020,.F.);
#351=ORIENTED_EDGE('',*,*,#1082,.F.);
#352=ORIENTED_EDGE('',*,*,#1075,.F.);
#353=ORIENTED_EDGE('',*,*,#953,.F.);
#354=ORIENTED_EDGE('',*,*,#1080,.T.);
#355=ORIENTED_EDGE('',*,*,#1046,.T.);
#356=ORIENTED_EDGE('',*,*,#1083,.T.);
#357=ORIENTED_EDGE('',*,*,#1028,.T.);
#358=ORIENTED_EDGE('',*,*,#1032,.F.);
#359=ORIENTED_EDGE('',*,*,#1084,.F.);
#360=ORIENTED_EDGE('',*,*,#1070,.F.);
#361=ORIENTED_EDGE('',*,*,#944,.F.);
#362=ORIENTED_EDGE('',*,*,#949,.T.);
#363=ORIENTED_EDGE('',*,*,#1074,.T.);
#364=ORIENTED_EDGE('',*,*,#1085,.T.);
#365=ORIENTED_EDGE('',*,*,#1004,.T.);
#366=ORIENTED_EDGE('',*,*,#1008,.F.);
#367=ORIENTED_EDGE('',*,*,#1086,.F.);
#368=ORIENTED_EDGE('',*,*,#1067,.F.);
#369=ORIENTED_EDGE('',*,*,#941,.F.);
#370=ORIENTED_EDGE('',*,*,#937,.T.);
#371=ORIENTED_EDGE('',*,*,#1069,.T.);
#372=ORIENTED_EDGE('',*,*,#1087,.T.);
#373=ORIENTED_EDGE('',*,*,#992,.T.);
#374=ORIENTED_EDGE('',*,*,#996,.F.);
#375=ORIENTED_EDGE('',*,*,#1088,.F.);
#376=ORIENTED_EDGE('',*,*,#1064,.F.);
#377=ORIENTED_EDGE('',*,*,#935,.F.);
#378=ORIENTED_EDGE('',*,*,#931,.T.);
#379=ORIENTED_EDGE('',*,*,#1066,.T.);
#380=ORIENTED_EDGE('',*,*,#1089,.T.);
#381=ORIENTED_EDGE('',*,*,#982,.T.);
#382=ORIENTED_EDGE('',*,*,#986,.F.);
#383=ORIENTED_EDGE('',*,*,#1090,.F.);
#384=ORIENTED_EDGE('',*,*,#1061,.F.);
#385=ORIENTED_EDGE('',*,*,#929,.F.);
#386=ORIENTED_EDGE('',*,*,#925,.T.);
#387=ORIENTED_EDGE('',*,*,#1063,.T.);
#388=ORIENTED_EDGE('',*,*,#1091,.T.);
#389=ORIENTED_EDGE('',*,*,#970,.T.);
#390=ORIENTED_EDGE('',*,*,#974,.F.);
#391=ORIENTED_EDGE('',*,*,#1092,.F.);
#392=ORIENTED_EDGE('',*,*,#1058,.F.);
#393=ORIENTED_EDGE('',*,*,#923,.F.);
#394=ORIENTED_EDGE('',*,*,#919,.T.);
#395=ORIENTED_EDGE('',*,*,#1060,.T.);
#396=ORIENTED_EDGE('',*,*,#1093,.T.);
#397=ORIENTED_EDGE('',*,*,#958,.T.);
#398=ORIENTED_EDGE('',*,*,#962,.F.);
#399=ORIENTED_EDGE('',*,*,#1094,.F.);
#400=ORIENTED_EDGE('',*,*,#1040,.F.);
#401=ORIENTED_EDGE('',*,*,#915,.F.);
#402=ORIENTED_EDGE('',*,*,#1093,.F.);
#403=ORIENTED_EDGE('',*,*,#1059,.F.);
#404=ORIENTED_EDGE('',*,*,#1092,.T.);
#405=ORIENTED_EDGE('',*,*,#1095,.T.);
#406=ORIENTED_EDGE('',*,*,#1096,.T.);
#407=ORIENTED_EDGE('',*,*,#1097,.F.);
#408=ORIENTED_EDGE('',*,*,#1091,.F.);
#409=ORIENTED_EDGE('',*,*,#1062,.F.);
#410=ORIENTED_EDGE('',*,*,#1090,.T.);
#411=ORIENTED_EDGE('',*,*,#1098,.F.);
#412=ORIENTED_EDGE('',*,*,#1099,.T.);
#413=ORIENTED_EDGE('',*,*,#1100,.F.);
#414=ORIENTED_EDGE('',*,*,#1089,.F.);
#415=ORIENTED_EDGE('',*,*,#1065,.F.);
#416=ORIENTED_EDGE('',*,*,#1088,.T.);
#417=ORIENTED_EDGE('',*,*,#1101,.F.);
#418=ORIENTED_EDGE('',*,*,#1102,.T.);
#419=ORIENTED_EDGE('',*,*,#1103,.F.);
#420=ORIENTED_EDGE('',*,*,#1087,.F.);
#421=ORIENTED_EDGE('',*,*,#1068,.F.);
#422=ORIENTED_EDGE('',*,*,#1086,.T.);
#423=ORIENTED_EDGE('',*,*,#1104,.F.);
#424=ORIENTED_EDGE('',*,*,#1105,.T.);
#425=ORIENTED_EDGE('',*,*,#1106,.F.);
#426=ORIENTED_EDGE('',*,*,#1085,.F.);
#427=ORIENTED_EDGE('',*,*,#1073,.F.);
#428=ORIENTED_EDGE('',*,*,#1082,.T.);
#429=ORIENTED_EDGE('',*,*,#1107,.T.);
#430=ORIENTED_EDGE('',*,*,#1108,.T.);
#431=ORIENTED_EDGE('',*,*,#1109,.F.);
#432=ORIENTED_EDGE('',*,*,#1083,.F.);
#433=ORIENTED_EDGE('',*,*,#1045,.F.);
#434=ORIENTED_EDGE('',*,*,#1110,.F.);
#435=ORIENTED_EDGE('',*,*,#1111,.T.);
#436=ORIENTED_EDGE('',*,*,#1112,.F.);
#437=ORIENTED_EDGE('',*,*,#1071,.F.);
#438=ORIENTED_EDGE('',*,*,#1084,.T.);
#439=ORIENTED_EDGE('',*,*,#1113,.F.);
#440=ORIENTED_EDGE('',*,*,#1114,.T.);
#441=ORIENTED_EDGE('',*,*,#1115,.F.);
#442=ORIENTED_EDGE('',*,*,#1081,.F.);
#443=ORIENTED_EDGE('',*,*,#1116,.F.);
#444=ORIENTED_EDGE('',*,*,#1110,.T.);
#445=ORIENTED_EDGE('',*,*,#1044,.T.);
#446=ORIENTED_EDGE('',*,*,#1117,.F.);
#447=ORIENTED_EDGE('',*,*,#1118,.F.);
#448=ORIENTED_EDGE('',*,*,#1119,.F.);
#449=ORIENTED_EDGE('',*,*,#1120,.T.);
#450=ORIENTED_EDGE('',*,*,#1121,.T.);
#451=ORIENTED_EDGE('',*,*,#1122,.F.);
#452=ORIENTED_EDGE('',*,*,#1123,.T.);
#453=ORIENTED_EDGE('',*,*,#961,.F.);
#454=ORIENTED_EDGE('',*,*,#1124,.T.);
#455=ORIENTED_EDGE('',*,*,#1125,.T.);
#456=ORIENTED_EDGE('',*,*,#959,.T.);
#457=ORIENTED_EDGE('',*,*,#1097,.T.);
#458=ORIENTED_EDGE('',*,*,#1126,.F.);
#459=ORIENTED_EDGE('',*,*,#1127,.F.);
#460=ORIENTED_EDGE('',*,*,#1128,.T.);
#461=ORIENTED_EDGE('',*,*,#1129,.F.);
#462=ORIENTED_EDGE('',*,*,#1098,.T.);
#463=ORIENTED_EDGE('',*,*,#985,.F.);
#464=ORIENTED_EDGE('',*,*,#1130,.T.);
#465=ORIENTED_EDGE('',*,*,#1131,.T.);
#466=ORIENTED_EDGE('',*,*,#983,.T.);
#467=ORIENTED_EDGE('',*,*,#1103,.T.);
#468=ORIENTED_EDGE('',*,*,#1132,.F.);
#469=ORIENTED_EDGE('',*,*,#1133,.F.);
#470=ORIENTED_EDGE('',*,*,#1134,.T.);
#471=ORIENTED_EDGE('',*,*,#1095,.F.);
#472=ORIENTED_EDGE('',*,*,#973,.F.);
#473=ORIENTED_EDGE('',*,*,#1135,.F.);
#474=ORIENTED_EDGE('',*,*,#1136,.T.);
#475=ORIENTED_EDGE('',*,*,#1137,.T.);
#476=ORIENTED_EDGE('',*,*,#971,.T.);
#477=ORIENTED_EDGE('',*,*,#1100,.T.);
#478=ORIENTED_EDGE('',*,*,#1138,.F.);
#479=ORIENTED_EDGE('',*,*,#1139,.F.);
#480=ORIENTED_EDGE('',*,*,#1140,.T.);
#481=ORIENTED_EDGE('',*,*,#993,.T.);
#482=ORIENTED_EDGE('',*,*,#1106,.T.);
#483=ORIENTED_EDGE('',*,*,#1141,.F.);
#484=ORIENTED_EDGE('',*,*,#1142,.F.);
#485=ORIENTED_EDGE('',*,*,#1143,.T.);
#486=ORIENTED_EDGE('',*,*,#1144,.F.);
#487=ORIENTED_EDGE('',*,*,#1101,.T.);
#488=ORIENTED_EDGE('',*,*,#995,.F.);
#489=ORIENTED_EDGE('',*,*,#1145,.T.);
#490=ORIENTED_EDGE('',*,*,#1146,.T.);
#491=ORIENTED_EDGE('',*,*,#1005,.T.);
#492=ORIENTED_EDGE('',*,*,#1109,.T.);
#493=ORIENTED_EDGE('',*,*,#1147,.F.);
#494=ORIENTED_EDGE('',*,*,#1148,.F.);
#495=ORIENTED_EDGE('',*,*,#1149,.T.);
#496=ORIENTED_EDGE('',*,*,#1150,.F.);
#497=ORIENTED_EDGE('',*,*,#1104,.T.);
#498=ORIENTED_EDGE('',*,*,#1007,.F.);
#499=ORIENTED_EDGE('',*,*,#1151,.T.);
#500=ORIENTED_EDGE('',*,*,#1152,.T.);
#501=ORIENTED_EDGE('',*,*,#1017,.T.);
#502=ORIENTED_EDGE('',*,*,#1115,.T.);
#503=ORIENTED_EDGE('',*,*,#1153,.F.);
#504=ORIENTED_EDGE('',*,*,#1154,.F.);
#505=ORIENTED_EDGE('',*,*,#1155,.T.);
#506=ORIENTED_EDGE('',*,*,#1107,.F.);
#507=ORIENTED_EDGE('',*,*,#1019,.F.);
#508=ORIENTED_EDGE('',*,*,#1156,.F.);
#509=ORIENTED_EDGE('',*,*,#1157,.T.);
#510=ORIENTED_EDGE('',*,*,#1158,.T.);
#511=ORIENTED_EDGE('',*,*,#1029,.T.);
#512=ORIENTED_EDGE('',*,*,#1112,.T.);
#513=ORIENTED_EDGE('',*,*,#1159,.F.);
#514=ORIENTED_EDGE('',*,*,#1160,.F.);
#515=ORIENTED_EDGE('',*,*,#1161,.T.);
#516=ORIENTED_EDGE('',*,*,#1162,.F.);
#517=ORIENTED_EDGE('',*,*,#1113,.T.);
#518=ORIENTED_EDGE('',*,*,#1031,.F.);
#519=ORIENTED_EDGE('',*,*,#1163,.T.);
#520=ORIENTED_EDGE('',*,*,#1164,.T.);
#521=ORIENTED_EDGE('',*,*,#1165,.F.);
#522=ORIENTED_EDGE('',*,*,#1166,.T.);
#523=ORIENTED_EDGE('',*,*,#1167,.F.);
#524=ORIENTED_EDGE('',*,*,#1168,.F.);
#525=ORIENTED_EDGE('',*,*,#1169,.F.);
#526=ORIENTED_EDGE('',*,*,#1170,.T.);
#527=ORIENTED_EDGE('',*,*,#1171,.T.);
#528=ORIENTED_EDGE('',*,*,#1172,.T.);
#529=ORIENTED_EDGE('',*,*,#1173,.F.);
#530=ORIENTED_EDGE('',*,*,#1174,.T.);
#531=ORIENTED_EDGE('',*,*,#1175,.T.);
#532=ORIENTED_EDGE('',*,*,#1176,.T.);
#533=ORIENTED_EDGE('',*,*,#1177,.F.);
#534=ORIENTED_EDGE('',*,*,#1178,.F.);
#535=ORIENTED_EDGE('',*,*,#1179,.F.);
#536=ORIENTED_EDGE('',*,*,#1180,.T.);
#537=ORIENTED_EDGE('',*,*,#1181,.F.);
#538=ORIENTED_EDGE('',*,*,#1182,.T.);
#539=ORIENTED_EDGE('',*,*,#1183,.T.);
#540=ORIENTED_EDGE('',*,*,#1184,.T.);
#541=ORIENTED_EDGE('',*,*,#1185,.F.);
#542=ORIENTED_EDGE('',*,*,#1186,.F.);
#543=ORIENTED_EDGE('',*,*,#1187,.F.);
#544=ORIENTED_EDGE('',*,*,#1177,.T.);
#545=ORIENTED_EDGE('',*,*,#1188,.F.);
#546=ORIENTED_EDGE('',*,*,#1189,.F.);
#547=ORIENTED_EDGE('',*,*,#1190,.T.);
#548=ORIENTED_EDGE('',*,*,#1191,.T.);
#549=ORIENTED_EDGE('',*,*,#1192,.F.);
#550=ORIENTED_EDGE('',*,*,#1193,.F.);
#551=ORIENTED_EDGE('',*,*,#1194,.F.);
#552=ORIENTED_EDGE('',*,*,#1195,.F.);
#553=ORIENTED_EDGE('',*,*,#1196,.F.);
#554=ORIENTED_EDGE('',*,*,#1197,.T.);
#555=ORIENTED_EDGE('',*,*,#1198,.F.);
#556=ORIENTED_EDGE('',*,*,#1199,.F.);
#557=ORIENTED_EDGE('',*,*,#1200,.F.);
#558=ORIENTED_EDGE('',*,*,#1201,.F.);
#559=ORIENTED_EDGE('',*,*,#1202,.T.);
#560=ORIENTED_EDGE('',*,*,#1203,.F.);
#561=ORIENTED_EDGE('',*,*,#1204,.T.);
#562=ORIENTED_EDGE('',*,*,#1205,.F.);
#563=ORIENTED_EDGE('',*,*,#1189,.T.);
#564=ORIENTED_EDGE('',*,*,#1206,.T.);
#565=ORIENTED_EDGE('',*,*,#1199,.T.);
#566=ORIENTED_EDGE('',*,*,#1207,.F.);
#567=ORIENTED_EDGE('',*,*,#1208,.F.);
#568=ORIENTED_EDGE('',*,*,#1209,.F.);
#569=ORIENTED_EDGE('',*,*,#1210,.F.);
#570=ORIENTED_EDGE('',*,*,#1211,.F.);
#571=ORIENTED_EDGE('',*,*,#1212,.T.);
#572=ORIENTED_EDGE('',*,*,#1213,.F.);
#573=ORIENTED_EDGE('',*,*,#1214,.T.);
#574=ORIENTED_EDGE('',*,*,#1215,.T.);
#575=ORIENTED_EDGE('',*,*,#1216,.F.);
#576=ORIENTED_EDGE('',*,*,#1217,.F.);
#577=ORIENTED_EDGE('',*,*,#1218,.T.);
#578=ORIENTED_EDGE('',*,*,#1219,.F.);
#579=ORIENTED_EDGE('',*,*,#1220,.F.);
#580=ORIENTED_EDGE('',*,*,#1221,.T.);
#581=ORIENTED_EDGE('',*,*,#1222,.F.);
#582=ORIENTED_EDGE('',*,*,#1223,.F.);
#583=ORIENTED_EDGE('',*,*,#1224,.T.);
#584=ORIENTED_EDGE('',*,*,#1225,.F.);
#585=ORIENTED_EDGE('',*,*,#1209,.T.);
#586=ORIENTED_EDGE('',*,*,#1226,.T.);
#587=ORIENTED_EDGE('',*,*,#1168,.T.);
#588=ORIENTED_EDGE('',*,*,#1227,.F.);
#589=ORIENTED_EDGE('',*,*,#1228,.F.);
#590=ORIENTED_EDGE('',*,*,#1229,.F.);
#591=ORIENTED_EDGE('',*,*,#1228,.T.);
#592=ORIENTED_EDGE('',*,*,#1230,.F.);
#593=ORIENTED_EDGE('',*,*,#1231,.F.);
#594=ORIENTED_EDGE('',*,*,#1232,.F.);
#595=ORIENTED_EDGE('',*,*,#1231,.T.);
#596=ORIENTED_EDGE('',*,*,#1233,.F.);
#597=ORIENTED_EDGE('',*,*,#1234,.F.);
#598=ORIENTED_EDGE('',*,*,#1235,.F.);
#599=ORIENTED_EDGE('',*,*,#1234,.T.);
#600=ORIENTED_EDGE('',*,*,#1236,.F.);
#601=ORIENTED_EDGE('',*,*,#1171,.F.);
#602=ORIENTED_EDGE('',*,*,#1237,.F.);
#603=ORIENTED_EDGE('',*,*,#1238,.T.);
#604=ORIENTED_EDGE('',*,*,#1239,.F.);
#605=ORIENTED_EDGE('',*,*,#1214,.F.);
#606=ORIENTED_EDGE('',*,*,#1240,.F.);
#607=ORIENTED_EDGE('',*,*,#1222,.T.);
#608=ORIENTED_EDGE('',*,*,#1241,.F.);
#609=ORIENTED_EDGE('',*,*,#1242,.F.);
#610=ORIENTED_EDGE('',*,*,#1243,.T.);
#611=ORIENTED_EDGE('',*,*,#1244,.F.);
#612=ORIENTED_EDGE('',*,*,#1245,.F.);
#613=ORIENTED_EDGE('',*,*,#1246,.F.);
#614=ORIENTED_EDGE('',*,*,#1247,.F.);
#615=ORIENTED_EDGE('',*,*,#1239,.T.);
#616=ORIENTED_EDGE('',*,*,#1248,.F.);
#617=ORIENTED_EDGE('',*,*,#1249,.F.);
#618=ORIENTED_EDGE('',*,*,#1197,.F.);
#619=ORIENTED_EDGE('',*,*,#1250,.F.);
#620=ORIENTED_EDGE('',*,*,#1191,.F.);
#621=ORIENTED_EDGE('',*,*,#1251,.F.);
#622=ORIENTED_EDGE('',*,*,#1252,.T.);
#623=ORIENTED_EDGE('',*,*,#1241,.T.);
#624=ORIENTED_EDGE('',*,*,#1221,.F.);
#625=ORIENTED_EDGE('',*,*,#1253,.T.);
#626=ORIENTED_EDGE('',*,*,#1215,.F.);
#627=ORIENTED_EDGE('',*,*,#1254,.F.);
#628=ORIENTED_EDGE('',*,*,#1255,.F.);
#629=ORIENTED_EDGE('',*,*,#1256,.F.);
#630=ORIENTED_EDGE('',*,*,#1257,.F.);
#631=ORIENTED_EDGE('',*,*,#1258,.F.);
#632=ORIENTED_EDGE('',*,*,#1259,.F.);
#633=ORIENTED_EDGE('',*,*,#1260,.T.);
#634=ORIENTED_EDGE('',*,*,#1251,.T.);
#635=ORIENTED_EDGE('',*,*,#1190,.F.);
#636=ORIENTED_EDGE('',*,*,#1207,.T.);
#637=ORIENTED_EDGE('',*,*,#1198,.T.);
#638=ORIENTED_EDGE('',*,*,#1249,.T.);
#639=ORIENTED_EDGE('',*,*,#1261,.T.);
#640=ORIENTED_EDGE('',*,*,#1243,.F.);
#641=ORIENTED_EDGE('',*,*,#1262,.F.);
#642=ORIENTED_EDGE('',*,*,#1186,.T.);
#643=ORIENTED_EDGE('',*,*,#1263,.F.);
#644=ORIENTED_EDGE('',*,*,#1264,.F.);
#645=ORIENTED_EDGE('',*,*,#1265,.F.);
#646=ORIENTED_EDGE('',*,*,#1259,.T.);
#647=ORIENTED_EDGE('',*,*,#1266,.F.);
#648=ORIENTED_EDGE('',*,*,#1175,.F.);
#649=ORIENTED_EDGE('',*,*,#1267,.T.);
#650=ORIENTED_EDGE('',*,*,#1264,.T.);
#651=ORIENTED_EDGE('',*,*,#1268,.T.);
#652=ORIENTED_EDGE('',*,*,#1269,.F.);
#653=ORIENTED_EDGE('',*,*,#1270,.T.);
#654=ORIENTED_EDGE('',*,*,#1173,.T.);
#655=ORIENTED_EDGE('',*,*,#1271,.T.);
#656=ORIENTED_EDGE('',*,*,#1272,.F.);
#657=ORIENTED_EDGE('',*,*,#1273,.T.);
#658=ORIENTED_EDGE('',*,*,#1269,.T.);
#659=ORIENTED_EDGE('',*,*,#1274,.T.);
#660=ORIENTED_EDGE('',*,*,#1275,.F.);
#661=ORIENTED_EDGE('',*,*,#1276,.T.);
#662=ORIENTED_EDGE('',*,*,#1272,.T.);
#663=ORIENTED_EDGE('',*,*,#1277,.T.);
#664=ORIENTED_EDGE('',*,*,#1183,.F.);
#665=ORIENTED_EDGE('',*,*,#1278,.T.);
#666=ORIENTED_EDGE('',*,*,#1275,.T.);
#667=ORIENTED_EDGE('',*,*,#1182,.F.);
#668=ORIENTED_EDGE('',*,*,#1279,.F.);
#669=ORIENTED_EDGE('',*,*,#1117,.T.);
#670=ORIENTED_EDGE('',*,*,#1043,.F.);
#671=ORIENTED_EDGE('',*,*,#1280,.F.);
#672=ORIENTED_EDGE('',*,*,#1281,.F.);
#673=ORIENTED_EDGE('',*,*,#1169,.T.);
#674=ORIENTED_EDGE('',*,*,#1229,.T.);
#675=ORIENTED_EDGE('',*,*,#1232,.T.);
#676=ORIENTED_EDGE('',*,*,#1235,.T.);
#677=ORIENTED_EDGE('',*,*,#1237,.T.);
#678=ORIENTED_EDGE('',*,*,#1178,.T.);
#679=ORIENTED_EDGE('',*,*,#1187,.T.);
#680=ORIENTED_EDGE('',*,*,#1262,.T.);
#681=ORIENTED_EDGE('',*,*,#1242,.T.);
#682=ORIENTED_EDGE('',*,*,#1252,.F.);
#683=ORIENTED_EDGE('',*,*,#1260,.F.);
#684=ORIENTED_EDGE('',*,*,#1265,.T.);
#685=ORIENTED_EDGE('',*,*,#1267,.F.);
#686=ORIENTED_EDGE('',*,*,#1174,.F.);
#687=ORIENTED_EDGE('',*,*,#1270,.F.);
#688=ORIENTED_EDGE('',*,*,#1273,.F.);
#689=ORIENTED_EDGE('',*,*,#1276,.F.);
#690=ORIENTED_EDGE('',*,*,#1278,.F.);
#691=ORIENTED_EDGE('',*,*,#1238,.F.);
#692=ORIENTED_EDGE('',*,*,#1261,.F.);
#693=ORIENTED_EDGE('',*,*,#1258,.T.);
#694=ORIENTED_EDGE('',*,*,#1248,.T.);
#695=ORIENTED_EDGE('',*,*,#1282,.F.);
#696=ORIENTED_EDGE('',*,*,#1247,.T.);
#697=ORIENTED_EDGE('',*,*,#1282,.T.);
#698=ORIENTED_EDGE('',*,*,#1283,.F.);
#699=ORIENTED_EDGE('',*,*,#1257,.T.);
#700=ORIENTED_EDGE('',*,*,#1283,.T.);
#701=ORIENTED_EDGE('',*,*,#1284,.F.);
#702=ORIENTED_EDGE('',*,*,#1256,.T.);
#703=ORIENTED_EDGE('',*,*,#1284,.T.);
#704=ORIENTED_EDGE('',*,*,#1285,.F.);
#705=ORIENTED_EDGE('',*,*,#1255,.T.);
#706=ORIENTED_EDGE('',*,*,#1285,.T.);
#707=ORIENTED_EDGE('',*,*,#1286,.F.);
#708=ORIENTED_EDGE('',*,*,#1246,.T.);
#709=ORIENTED_EDGE('',*,*,#1286,.T.);
#710=ORIENTED_EDGE('',*,*,#1287,.F.);
#711=ORIENTED_EDGE('',*,*,#1245,.T.);
#712=ORIENTED_EDGE('',*,*,#1287,.T.);
#713=ORIENTED_EDGE('',*,*,#1288,.F.);
#714=ORIENTED_EDGE('',*,*,#1244,.T.);
#715=ORIENTED_EDGE('',*,*,#1288,.T.);
#716=ORIENTED_EDGE('',*,*,#1289,.F.);
#717=ORIENTED_EDGE('',*,*,#1254,.T.);
#718=ORIENTED_EDGE('',*,*,#1289,.T.);
#719=ORIENTED_EDGE('',*,*,#1290,.F.);
#720=ORIENTED_EDGE('',*,*,#1203,.T.);
#721=ORIENTED_EDGE('',*,*,#1291,.F.);
#722=ORIENTED_EDGE('',*,*,#1223,.T.);
#723=ORIENTED_EDGE('',*,*,#1240,.T.);
#724=ORIENTED_EDGE('',*,*,#1213,.T.);
#725=ORIENTED_EDGE('',*,*,#1220,.T.);
#726=ORIENTED_EDGE('',*,*,#1292,.T.);
#727=ORIENTED_EDGE('',*,*,#1216,.T.);
#728=ORIENTED_EDGE('',*,*,#1253,.F.);
#729=ORIENTED_EDGE('',*,*,#1217,.T.);
#730=ORIENTED_EDGE('',*,*,#1292,.F.);
#731=ORIENTED_EDGE('',*,*,#1219,.T.);
#732=ORIENTED_EDGE('',*,*,#1293,.T.);
#733=ORIENTED_EDGE('',*,*,#1293,.F.);
#734=ORIENTED_EDGE('',*,*,#1218,.F.);
#735=ORIENTED_EDGE('',*,*,#1225,.T.);
#736=ORIENTED_EDGE('',*,*,#1294,.T.);
#737=ORIENTED_EDGE('',*,*,#1211,.T.);
#738=ORIENTED_EDGE('',*,*,#1295,.F.);
#739=ORIENTED_EDGE('',*,*,#1208,.T.);
#740=ORIENTED_EDGE('',*,*,#1295,.T.);
#741=ORIENTED_EDGE('',*,*,#1210,.T.);
#742=ORIENTED_EDGE('',*,*,#1226,.F.);
#743=ORIENTED_EDGE('',*,*,#1291,.T.);
#744=ORIENTED_EDGE('',*,*,#1212,.F.);
#745=ORIENTED_EDGE('',*,*,#1294,.F.);
#746=ORIENTED_EDGE('',*,*,#1224,.F.);
#747=ORIENTED_EDGE('',*,*,#1194,.T.);
#748=ORIENTED_EDGE('',*,*,#1296,.T.);
#749=ORIENTED_EDGE('',*,*,#1193,.T.);
#750=ORIENTED_EDGE('',*,*,#1297,.T.);
#751=ORIENTED_EDGE('',*,*,#1195,.T.);
#752=ORIENTED_EDGE('',*,*,#1296,.F.);
#753=ORIENTED_EDGE('',*,*,#1192,.T.);
#754=ORIENTED_EDGE('',*,*,#1250,.T.);
#755=ORIENTED_EDGE('',*,*,#1196,.T.);
#756=ORIENTED_EDGE('',*,*,#1297,.F.);
#757=ORIENTED_EDGE('',*,*,#1205,.T.);
#758=ORIENTED_EDGE('',*,*,#1298,.T.);
#759=ORIENTED_EDGE('',*,*,#1201,.T.);
#760=ORIENTED_EDGE('',*,*,#1299,.F.);
#761=ORIENTED_EDGE('',*,*,#1188,.T.);
#762=ORIENTED_EDGE('',*,*,#1299,.T.);
#763=ORIENTED_EDGE('',*,*,#1200,.T.);
#764=ORIENTED_EDGE('',*,*,#1206,.F.);
#765=ORIENTED_EDGE('',*,*,#1290,.T.);
#766=ORIENTED_EDGE('',*,*,#1202,.F.);
#767=ORIENTED_EDGE('',*,*,#1298,.F.);
#768=ORIENTED_EDGE('',*,*,#1204,.F.);
#769=ORIENTED_EDGE('',*,*,#1176,.F.);
#770=ORIENTED_EDGE('',*,*,#1266,.T.);
#771=ORIENTED_EDGE('',*,*,#1263,.T.);
#772=ORIENTED_EDGE('',*,*,#1185,.T.);
#773=ORIENTED_EDGE('',*,*,#1300,.F.);
#774=ORIENTED_EDGE('',*,*,#1121,.F.);
#775=ORIENTED_EDGE('',*,*,#1301,.T.);
#776=ORIENTED_EDGE('',*,*,#1184,.F.);
#777=ORIENTED_EDGE('',*,*,#1277,.F.);
#778=ORIENTED_EDGE('',*,*,#1274,.F.);
#779=ORIENTED_EDGE('',*,*,#1271,.F.);
#780=ORIENTED_EDGE('',*,*,#1268,.F.);
#781=ORIENTED_EDGE('',*,*,#1172,.F.);
#782=ORIENTED_EDGE('',*,*,#1236,.T.);
#783=ORIENTED_EDGE('',*,*,#1233,.T.);
#784=ORIENTED_EDGE('',*,*,#1230,.T.);
#785=ORIENTED_EDGE('',*,*,#1227,.T.);
#786=ORIENTED_EDGE('',*,*,#1167,.T.);
#787=ORIENTED_EDGE('',*,*,#1302,.F.);
#788=ORIENTED_EDGE('',*,*,#1303,.T.);
#789=ORIENTED_EDGE('',*,*,#1304,.F.);
#790=ORIENTED_EDGE('',*,*,#1125,.F.);
#791=ORIENTED_EDGE('',*,*,#1305,.F.);
#792=ORIENTED_EDGE('',*,*,#1127,.T.);
#793=ORIENTED_EDGE('',*,*,#1306,.F.);
#794=ORIENTED_EDGE('',*,*,#1136,.F.);
#795=ORIENTED_EDGE('',*,*,#1307,.T.);
#796=ORIENTED_EDGE('',*,*,#1139,.T.);
#797=ORIENTED_EDGE('',*,*,#1308,.F.);
#798=ORIENTED_EDGE('',*,*,#1131,.F.);
#799=ORIENTED_EDGE('',*,*,#1309,.T.);
#800=ORIENTED_EDGE('',*,*,#1133,.T.);
#801=ORIENTED_EDGE('',*,*,#1310,.F.);
#802=ORIENTED_EDGE('',*,*,#1146,.F.);
#803=ORIENTED_EDGE('',*,*,#1311,.T.);
#804=ORIENTED_EDGE('',*,*,#1142,.T.);
#805=ORIENTED_EDGE('',*,*,#1312,.F.);
#806=ORIENTED_EDGE('',*,*,#1152,.F.);
#807=ORIENTED_EDGE('',*,*,#1313,.T.);
#808=ORIENTED_EDGE('',*,*,#1148,.T.);
#809=ORIENTED_EDGE('',*,*,#1314,.F.);
#810=ORIENTED_EDGE('',*,*,#1157,.F.);
#811=ORIENTED_EDGE('',*,*,#1315,.T.);
#812=ORIENTED_EDGE('',*,*,#1154,.T.);
#813=ORIENTED_EDGE('',*,*,#1316,.F.);
#814=ORIENTED_EDGE('',*,*,#1164,.F.);
#815=ORIENTED_EDGE('',*,*,#1317,.T.);
#816=ORIENTED_EDGE('',*,*,#1160,.T.);
#817=ORIENTED_EDGE('',*,*,#1318,.F.);
#818=ORIENTED_EDGE('',*,*,#1319,.T.);
#819=ORIENTED_EDGE('',*,*,#1303,.F.);
#820=ORIENTED_EDGE('',*,*,#1320,.T.);
#821=ORIENTED_EDGE('',*,*,#1321,.T.);
#822=ORIENTED_EDGE('',*,*,#1322,.T.);
#823=ORIENTED_EDGE('',*,*,#1280,.T.);
#824=ORIENTED_EDGE('',*,*,#1042,.F.);
#825=ORIENTED_EDGE('',*,*,#1322,.F.);
#826=ORIENTED_EDGE('',*,*,#1323,.F.);
#827=ORIENTED_EDGE('',*,*,#1170,.F.);
#828=ORIENTED_EDGE('',*,*,#1281,.T.);
#829=ORIENTED_EDGE('',*,*,#1324,.F.);
#830=ORIENTED_EDGE('',*,*,#1118,.T.);
#831=ORIENTED_EDGE('',*,*,#1279,.T.);
#832=ORIENTED_EDGE('',*,*,#1181,.T.);
#833=ORIENTED_EDGE('',*,*,#1124,.F.);
#834=ORIENTED_EDGE('',*,*,#960,.T.);
#835=ORIENTED_EDGE('',*,*,#1128,.F.);
#836=ORIENTED_EDGE('',*,*,#1305,.T.);
#837=ORIENTED_EDGE('',*,*,#1130,.F.);
#838=ORIENTED_EDGE('',*,*,#984,.T.);
#839=ORIENTED_EDGE('',*,*,#1134,.F.);
#840=ORIENTED_EDGE('',*,*,#1309,.F.);
#841=ORIENTED_EDGE('',*,*,#1135,.T.);
#842=ORIENTED_EDGE('',*,*,#972,.T.);
#843=ORIENTED_EDGE('',*,*,#1140,.F.);
#844=ORIENTED_EDGE('',*,*,#1307,.F.);
#845=ORIENTED_EDGE('',*,*,#1143,.F.);
#846=ORIENTED_EDGE('',*,*,#1311,.F.);
#847=ORIENTED_EDGE('',*,*,#1145,.F.);
#848=ORIENTED_EDGE('',*,*,#994,.T.);
#849=ORIENTED_EDGE('',*,*,#1149,.F.);
#850=ORIENTED_EDGE('',*,*,#1313,.F.);
#851=ORIENTED_EDGE('',*,*,#1151,.F.);
#852=ORIENTED_EDGE('',*,*,#1006,.T.);
#853=ORIENTED_EDGE('',*,*,#1155,.F.);
#854=ORIENTED_EDGE('',*,*,#1315,.F.);
#855=ORIENTED_EDGE('',*,*,#1156,.T.);
#856=ORIENTED_EDGE('',*,*,#1018,.T.);
#857=ORIENTED_EDGE('',*,*,#1161,.F.);
#858=ORIENTED_EDGE('',*,*,#1317,.F.);
#859=ORIENTED_EDGE('',*,*,#1163,.F.);
#860=ORIENTED_EDGE('',*,*,#1030,.T.);
#861=ORIENTED_EDGE('',*,*,#1119,.T.);
#862=ORIENTED_EDGE('',*,*,#1324,.T.);
#863=ORIENTED_EDGE('',*,*,#1180,.F.);
#864=ORIENTED_EDGE('',*,*,#1325,.F.);
#865=ORIENTED_EDGE('',*,*,#1120,.F.);
#866=ORIENTED_EDGE('',*,*,#1325,.T.);
#867=ORIENTED_EDGE('',*,*,#1179,.T.);
#868=ORIENTED_EDGE('',*,*,#1301,.F.);
#869=ORIENTED_EDGE('',*,*,#1165,.T.);
#870=ORIENTED_EDGE('',*,*,#1323,.T.);
#871=ORIENTED_EDGE('',*,*,#1321,.F.);
#872=ORIENTED_EDGE('',*,*,#1326,.F.);
#873=ORIENTED_EDGE('',*,*,#1320,.F.);
#874=ORIENTED_EDGE('',*,*,#1302,.T.);
#875=ORIENTED_EDGE('',*,*,#1166,.F.);
#876=ORIENTED_EDGE('',*,*,#1326,.T.);
#877=ORIENTED_EDGE('',*,*,#1041,.F.);
#878=ORIENTED_EDGE('',*,*,#1094,.T.);
#879=ORIENTED_EDGE('',*,*,#1123,.F.);
#880=ORIENTED_EDGE('',*,*,#1327,.T.);
#881=ORIENTED_EDGE('',*,*,#1318,.T.);
#882=ORIENTED_EDGE('',*,*,#1316,.T.);
#883=ORIENTED_EDGE('',*,*,#1153,.T.);
#884=ORIENTED_EDGE('',*,*,#1114,.F.);
#885=ORIENTED_EDGE('',*,*,#1162,.T.);
#886=ORIENTED_EDGE('',*,*,#1300,.T.);
#887=ORIENTED_EDGE('',*,*,#1159,.T.);
#888=ORIENTED_EDGE('',*,*,#1111,.F.);
#889=ORIENTED_EDGE('',*,*,#1116,.T.);
#890=ORIENTED_EDGE('',*,*,#1314,.T.);
#891=ORIENTED_EDGE('',*,*,#1147,.T.);
#892=ORIENTED_EDGE('',*,*,#1108,.F.);
#893=ORIENTED_EDGE('',*,*,#1158,.F.);
#894=ORIENTED_EDGE('',*,*,#1312,.T.);
#895=ORIENTED_EDGE('',*,*,#1141,.T.);
#896=ORIENTED_EDGE('',*,*,#1105,.F.);
#897=ORIENTED_EDGE('',*,*,#1150,.T.);
#898=ORIENTED_EDGE('',*,*,#1310,.T.);
#899=ORIENTED_EDGE('',*,*,#1132,.T.);
#900=ORIENTED_EDGE('',*,*,#1102,.F.);
#901=ORIENTED_EDGE('',*,*,#1144,.T.);
#902=ORIENTED_EDGE('',*,*,#1099,.F.);
#903=ORIENTED_EDGE('',*,*,#1129,.T.);
#904=ORIENTED_EDGE('',*,*,#1308,.T.);
#905=ORIENTED_EDGE('',*,*,#1138,.T.);
#906=ORIENTED_EDGE('',*,*,#1306,.T.);
#907=ORIENTED_EDGE('',*,*,#1126,.T.);
#908=ORIENTED_EDGE('',*,*,#1096,.F.);
#909=ORIENTED_EDGE('',*,*,#1137,.F.);
#910=ORIENTED_EDGE('',*,*,#1327,.F.);
#911=ORIENTED_EDGE('',*,*,#1122,.T.);
#912=ORIENTED_EDGE('',*,*,#1304,.T.);
#913=ORIENTED_EDGE('',*,*,#1319,.F.);
#914=EDGE_CURVE('',#1328,#1329,#1600,.T.);
#915=EDGE_CURVE('',#1329,#1330,#1601,.T.);
#916=EDGE_CURVE('',#1330,#1331,#1602,.T.);
#917=EDGE_CURVE('',#1332,#1331,#1603,.T.);
#918=EDGE_CURVE('',#1328,#1332,#1604,.T.);
#919=EDGE_CURVE('',#1333,#1334,#1605,.T.);
#920=EDGE_CURVE('',#1333,#1335,#1606,.T.);
#921=EDGE_CURVE('',#1336,#1335,#1607,.T.);
#922=EDGE_CURVE('',#1337,#1336,#1608,.T.);
#923=EDGE_CURVE('',#1337,#1338,#1609,.T.);
#924=EDGE_CURVE('',#1338,#1334,#1610,.T.);
#925=EDGE_CURVE('',#1339,#1340,#1611,.T.);
#926=EDGE_CURVE('',#1339,#1341,#1612,.T.);
#927=EDGE_CURVE('',#1342,#1341,#1613,.T.);
#928=EDGE_CURVE('',#1342,#1343,#1614,.T.);
#929=EDGE_CURVE('',#1343,#1344,#1615,.T.);
#930=EDGE_CURVE('',#1344,#1340,#1616,.T.);
#931=EDGE_CURVE('',#1345,#1346,#1617,.T.);
#932=EDGE_CURVE('',#1345,#1347,#1618,.T.);
#933=EDGE_CURVE('',#1348,#1347,#1619,.T.);
#934=EDGE_CURVE('',#1348,#1349,#1620,.T.);
#935=EDGE_CURVE('',#1349,#1350,#1621,.T.);
#936=EDGE_CURVE('',#1350,#1346,#1622,.T.);
#937=EDGE_CURVE('',#1351,#1352,#1623,.T.);
#938=EDGE_CURVE('',#1351,#1353,#1624,.T.);
#939=EDGE_CURVE('',#1354,#1353,#1625,.T.);
#940=EDGE_CURVE('',#1354,#1355,#1626,.T.);
#941=EDGE_CURVE('',#1355,#1356,#1627,.T.);
#942=EDGE_CURVE('',#1356,#1352,#1628,.T.);
#943=EDGE_CURVE('',#1357,#1358,#1629,.T.);
#944=EDGE_CURVE('',#1358,#1359,#1630,.T.);
#945=EDGE_CURVE('',#1359,#1360,#1631,.T.);
#946=EDGE_CURVE('',#1361,#1360,#1632,.T.);
#947=EDGE_CURVE('',#1361,#1362,#1633,.T.);
#948=EDGE_CURVE('',#1357,#1362,#1634,.T.);
#949=EDGE_CURVE('',#1363,#1364,#1635,.T.);
#950=EDGE_CURVE('',#1363,#1365,#1636,.T.);
#951=EDGE_CURVE('',#1366,#1365,#1637,.T.);
#952=EDGE_CURVE('',#1367,#1366,#1638,.T.);
#953=EDGE_CURVE('',#1367,#1368,#1639,.T.);
#954=EDGE_CURVE('',#1368,#1364,#1640,.T.);
#955=EDGE_CURVE('',#1335,#1369,#1641,.T.);
#956=EDGE_CURVE('',#1333,#1370,#1642,.T.);
#957=EDGE_CURVE('',#1369,#1370,#1643,.T.);
#958=EDGE_CURVE('',#1371,#1333,#1644,.T.);
#959=EDGE_CURVE('',#1372,#1371,#1645,.T.);
#960=EDGE_CURVE('',#1373,#1372,#1646,.T.);
#961=EDGE_CURVE('',#1373,#1374,#1647,.T.);
#962=EDGE_CURVE('',#1374,#1329,#1648,.T.);
#963=EDGE_CURVE('',#1329,#1375,#1649,.T.);
#964=EDGE_CURVE('',#1375,#1370,#1650,.T.);
#965=EDGE_CURVE('',#1376,#1328,#1651,.T.);
#966=EDGE_CURVE('',#1375,#1376,#1652,.T.);
#967=EDGE_CURVE('',#1341,#1377,#1653,.T.);
#968=EDGE_CURVE('',#1339,#1378,#1654,.T.);
#969=EDGE_CURVE('',#1377,#1378,#1655,.T.);
#970=EDGE_CURVE('',#1379,#1339,#1656,.T.);
#971=EDGE_CURVE('',#1380,#1379,#1657,.T.);
#972=EDGE_CURVE('',#1381,#1380,#1658,.T.);
#973=EDGE_CURVE('',#1381,#1382,#1659,.T.);
#974=EDGE_CURVE('',#1382,#1337,#1660,.T.);
#975=EDGE_CURVE('',#1337,#1383,#1661,.T.);
#976=EDGE_CURVE('',#1383,#1378,#1662,.T.);
#977=EDGE_CURVE('',#1336,#1384,#1663,.T.);
#978=EDGE_CURVE('',#1384,#1383,#1664,.T.);
#979=EDGE_CURVE('',#1347,#1385,#1665,.T.);
#980=EDGE_CURVE('',#1345,#1386,#1666,.T.);
#981=EDGE_CURVE('',#1385,#1386,#1667,.T.);
#982=EDGE_CURVE('',#1387,#1345,#1668,.T.);
#983=EDGE_CURVE('',#1388,#1387,#1669,.T.);
#984=EDGE_CURVE('',#1389,#1388,#1670,.T.);
#985=EDGE_CURVE('',#1389,#1390,#1671,.T.);
#986=EDGE_CURVE('',#1390,#1343,#1672,.T.);
#987=EDGE_CURVE('',#1343,#1391,#1673,.T.);
#988=EDGE_CURVE('',#1391,#1386,#1674,.T.);
#989=EDGE_CURVE('',#1392,#1342,#1675,.T.);
#990=EDGE_CURVE('',#1391,#1392,#1676,.T.);
#991=EDGE_CURVE('',#1351,#1393,#1677,.T.);
#992=EDGE_CURVE('',#1394,#1351,#1678,.T.);
#993=EDGE_CURVE('',#1395,#1394,#1679,.T.);
#994=EDGE_CURVE('',#1396,#1395,#1680,.T.);
#995=EDGE_CURVE('',#1396,#1397,#1681,.T.);
#996=EDGE_CURVE('',#1397,#1349,#1682,.T.);
#997=EDGE_CURVE('',#1349,#1398,#1683,.T.);
#998=EDGE_CURVE('',#1398,#1393,#1684,.T.);
#999=EDGE_CURVE('',#1399,#1348,#1685,.T.);
#1000=EDGE_CURVE('',#1398,#1399,#1686,.T.);
#1001=EDGE_CURVE('',#1353,#1400,#1687,.T.);
#1002=EDGE_CURVE('',#1400,#1393,#1688,.T.);
#1003=EDGE_CURVE('',#1363,#1401,#1689,.T.);
#1004=EDGE_CURVE('',#1402,#1363,#1690,.T.);
#1005=EDGE_CURVE('',#1403,#1402,#1691,.T.);
#1006=EDGE_CURVE('',#1404,#1403,#1692,.T.);
#1007=EDGE_CURVE('',#1404,#1405,#1693,.T.);
#1008=EDGE_CURVE('',#1405,#1355,#1694,.T.);
#1009=EDGE_CURVE('',#1355,#1406,#1695,.T.);
#1010=EDGE_CURVE('',#1406,#1401,#1696,.T.);
#1011=EDGE_CURVE('',#1407,#1354,#1697,.T.);
#1012=EDGE_CURVE('',#1406,#1407,#1698,.T.);
#1013=EDGE_CURVE('',#1365,#1408,#1699,.T.);
#1014=EDGE_CURVE('',#1408,#1401,#1700,.T.);
#1015=EDGE_CURVE('',#1361,#1409,#1701,.T.);
#1016=EDGE_CURVE('',#1410,#1361,#1702,.T.);
#1017=EDGE_CURVE('',#1411,#1410,#1703,.T.);
#1018=EDGE_CURVE('',#1412,#1411,#1704,.T.);
#1019=EDGE_CURVE('',#1412,#1413,#1705,.T.);
#1020=EDGE_CURVE('',#1413,#1367,#1706,.T.);
#1021=EDGE_CURVE('',#1367,#1414,#1707,.T.);
#1022=EDGE_CURVE('',#1414,#1409,#1708,.T.);
#1023=EDGE_CURVE('',#1366,#1415,#1709,.T.);
#1024=EDGE_CURVE('',#1415,#1414,#1710,.T.);
#1025=EDGE_CURVE('',#1362,#1416,#1711,.T.);
#1026=EDGE_CURVE('',#1416,#1409,#1712,.T.);
#1027=EDGE_CURVE('',#1417,#1418,#1713,.T.);
#1028=EDGE_CURVE('',#1419,#1417,#1714,.T.);
#1029=EDGE_CURVE('',#1420,#1419,#1715,.T.);
#1030=EDGE_CURVE('',#1421,#1420,#1716,.T.);
#1031=EDGE_CURVE('',#1421,#1422,#1717,.T.);
#1032=EDGE_CURVE('',#1422,#1358,#1718,.T.);
#1033=EDGE_CURVE('',#1358,#1423,#1719,.T.);
#1034=EDGE_CURVE('',#1423,#1418,#1720,.T.);
#1035=EDGE_CURVE('',#1424,#1357,#1721,.T.);
#1036=EDGE_CURVE('',#1423,#1424,#1722,.T.);
#1037=EDGE_CURVE('',#1425,#1426,#1723,.T.);
#1038=EDGE_CURVE('',#1417,#1425,#1724,.T.);
#1039=EDGE_CURVE('',#1426,#1418,#1725,.T.);
#1040=EDGE_CURVE('',#1330,#1427,#1726,.T.);
#1041=EDGE_CURVE('',#1427,#1428,#1727,.T.);
#1042=EDGE_CURVE('',#1428,#1429,#1728,.T.);
#1043=EDGE_CURVE('',#1429,#1430,#1729,.T.);
#1044=EDGE_CURVE('',#1431,#1430,#1730,.T.);
#1045=EDGE_CURVE('',#1431,#1432,#1731,.T.);
#1046=EDGE_CURVE('',#1433,#1432,#1732,.T.);
#1047=EDGE_CURVE('',#1434,#1433,#1733,.T.);
#1048=EDGE_CURVE('',#1435,#1434,#1734,.T.);
#1049=EDGE_CURVE('',#1426,#1435,#1735,.T.);
#1050=EDGE_CURVE('',#1416,#1424,#1736,.T.);
#1051=EDGE_CURVE('',#1408,#1415,#1737,.T.);
#1052=EDGE_CURVE('',#1400,#1407,#1738,.T.);
#1053=EDGE_CURVE('',#1385,#1399,#1739,.T.);
#1054=EDGE_CURVE('',#1377,#1392,#1740,.T.);
#1055=EDGE_CURVE('',#1369,#1384,#1741,.T.);
#1056=EDGE_CURVE('',#1436,#1376,#1742,.T.);
#1057=EDGE_CURVE('',#1436,#1331,#1743,.T.);
#1058=EDGE_CURVE('',#1338,#1437,#1744,.T.);
#1059=EDGE_CURVE('',#1437,#1438,#1745,.T.);
#1060=EDGE_CURVE('',#1334,#1438,#1746,.T.);
#1061=EDGE_CURVE('',#1344,#1439,#1747,.T.);
#1062=EDGE_CURVE('',#1439,#1440,#1748,.T.);
#1063=EDGE_CURVE('',#1340,#1440,#1749,.T.);
#1064=EDGE_CURVE('',#1350,#1441,#1750,.T.);
#1065=EDGE_CURVE('',#1441,#1442,#1751,.T.);
#1066=EDGE_CURVE('',#1346,#1442,#1752,.T.);
#1067=EDGE_CURVE('',#1356,#1443,#1753,.T.);
#1068=EDGE_CURVE('',#1443,#1444,#1754,.T.);
#1069=EDGE_CURVE('',#1352,#1444,#1755,.T.);
#1070=EDGE_CURVE('',#1359,#1445,#1756,.T.);
#1071=EDGE_CURVE('',#1445,#1446,#1757,.T.);
#1072=EDGE_CURVE('',#1360,#1446,#1758,.T.);
#1073=EDGE_CURVE('',#1447,#1448,#1759,.T.);
#1074=EDGE_CURVE('',#1364,#1448,#1760,.T.);
#1075=EDGE_CURVE('',#1368,#1447,#1761,.T.);
#1076=EDGE_CURVE('',#1435,#1449,#1762,.T.);
#1077=EDGE_CURVE('',#1449,#1434,#1763,.T.);
#1078=EDGE_CURVE('',#1436,#1332,#1764,.T.);
#1079=EDGE_CURVE('',#1449,#1425,#1765,.T.);
#1080=EDGE_CURVE('',#1417,#1433,#1766,.T.);
#1081=EDGE_CURVE('',#1446,#1410,#1767,.T.);
#1082=EDGE_CURVE('',#1447,#1413,#1768,.T.);
#1083=EDGE_CURVE('',#1432,#1419,#1769,.T.);
#1084=EDGE_CURVE('',#1445,#1422,#1770,.T.);
#1085=EDGE_CURVE('',#1448,#1402,#1771,.T.);
#1086=EDGE_CURVE('',#1443,#1405,#1772,.T.);
#1087=EDGE_CURVE('',#1444,#1394,#1773,.T.);
#1088=EDGE_CURVE('',#1441,#1397,#1774,.T.);
#1089=EDGE_CURVE('',#1442,#1387,#1775,.T.);
#1090=EDGE_CURVE('',#1439,#1390,#1776,.T.);
#1091=EDGE_CURVE('',#1440,#1379,#1777,.T.);
#1092=EDGE_CURVE('',#1437,#1382,#1778,.T.);
#1093=EDGE_CURVE('',#1438,#1371,#1779,.T.);
#1094=EDGE_CURVE('',#1427,#1374,#1780,.T.);
#1095=EDGE_CURVE('',#1382,#1450,#1781,.T.);
#1096=EDGE_CURVE('',#1450,#1451,#1782,.T.);
#1097=EDGE_CURVE('',#1371,#1451,#1783,.T.);
#1098=EDGE_CURVE('',#1452,#1390,#1784,.T.);
#1099=EDGE_CURVE('',#1452,#1453,#1785,.T.);
#1100=EDGE_CURVE('',#1379,#1453,#1786,.T.);
#1101=EDGE_CURVE('',#1454,#1397,#1787,.T.);
#1102=EDGE_CURVE('',#1454,#1455,#1788,.T.);
#1103=EDGE_CURVE('',#1387,#1455,#1789,.T.);
#1104=EDGE_CURVE('',#1456,#1405,#1790,.T.);
#1105=EDGE_CURVE('',#1456,#1457,#1791,.T.);
#1106=EDGE_CURVE('',#1394,#1457,#1792,.T.);
#1107=EDGE_CURVE('',#1413,#1458,#1793,.T.);
#1108=EDGE_CURVE('',#1458,#1459,#1794,.T.);
#1109=EDGE_CURVE('',#1402,#1459,#1795,.T.);
#1110=EDGE_CURVE('',#1460,#1431,#1796,.T.);
#1111=EDGE_CURVE('',#1460,#1461,#1797,.T.);
#1112=EDGE_CURVE('',#1419,#1461,#1798,.T.);
#1113=EDGE_CURVE('',#1462,#1422,#1799,.T.);
#1114=EDGE_CURVE('',#1462,#1463,#1800,.T.);
#1115=EDGE_CURVE('',#1410,#1463,#1801,.T.);
#1116=EDGE_CURVE('',#1460,#1464,#44,.F.);
#1117=EDGE_CURVE('',#1465,#1430,#1802,.T.);
#1118=EDGE_CURVE('',#1466,#1465,#1803,.T.);
#1119=EDGE_CURVE('',#1467,#1466,#1804,.T.);
#1120=EDGE_CURVE('',#1467,#1468,#1805,.T.);
#1121=EDGE_CURVE('',#1468,#1464,#1806,.T.);
#1122=EDGE_CURVE('',#1469,#1470,#45,.T.);
#1123=EDGE_CURVE('',#1469,#1374,#1807,.T.);
#1124=EDGE_CURVE('',#1373,#1471,#1808,.T.);
#1125=EDGE_CURVE('',#1471,#1470,#1809,.T.);
#1126=EDGE_CURVE('',#1472,#1451,#46,.T.);
#1127=EDGE_CURVE('',#1473,#1472,#1810,.T.);
#1128=EDGE_CURVE('',#1473,#1372,#1811,.T.);
#1129=EDGE_CURVE('',#1452,#1474,#47,.T.);
#1130=EDGE_CURVE('',#1389,#1475,#1812,.T.);
#1131=EDGE_CURVE('',#1475,#1474,#1813,.T.);
#1132=EDGE_CURVE('',#1476,#1455,#48,.T.);
#1133=EDGE_CURVE('',#1477,#1476,#1814,.T.);
#1134=EDGE_CURVE('',#1477,#1388,#1815,.T.);
#1135=EDGE_CURVE('',#1478,#1381,#1816,.T.);
#1136=EDGE_CURVE('',#1478,#1479,#1817,.T.);
#1137=EDGE_CURVE('',#1479,#1450,#49,.T.);
#1138=EDGE_CURVE('',#1480,#1453,#50,.T.);
#1139=EDGE_CURVE('',#1481,#1480,#1818,.T.);
#1140=EDGE_CURVE('',#1481,#1380,#1819,.T.);
#1141=EDGE_CURVE('',#1482,#1457,#51,.T.);
#1142=EDGE_CURVE('',#1483,#1482,#1820,.T.);
#1143=EDGE_CURVE('',#1483,#1395,#1821,.T.);
#1144=EDGE_CURVE('',#1454,#1484,#52,.T.);
#1145=EDGE_CURVE('',#1396,#1485,#1822,.T.);
#1146=EDGE_CURVE('',#1485,#1484,#1823,.T.);
#1147=EDGE_CURVE('',#1486,#1459,#53,.T.);
#1148=EDGE_CURVE('',#1487,#1486,#1824,.T.);
#1149=EDGE_CURVE('',#1487,#1403,#1825,.T.);
#1150=EDGE_CURVE('',#1456,#1488,#54,.T.);
#1151=EDGE_CURVE('',#1404,#1489,#1826,.T.);
#1152=EDGE_CURVE('',#1489,#1488,#1827,.T.);
#1153=EDGE_CURVE('',#1490,#1463,#55,.T.);
#1154=EDGE_CURVE('',#1491,#1490,#1828,.T.);
#1155=EDGE_CURVE('',#1491,#1411,#1829,.T.);
#1156=EDGE_CURVE('',#1492,#1412,#1830,.T.);
#1157=EDGE_CURVE('',#1492,#1493,#1831,.T.);
#1158=EDGE_CURVE('',#1493,#1458,#56,.T.);
#1159=EDGE_CURVE('',#1494,#1461,#57,.T.);
#1160=EDGE_CURVE('',#1495,#1494,#1832,.T.);
#1161=EDGE_CURVE('',#1495,#1420,#1833,.T.);
#1162=EDGE_CURVE('',#1462,#1496,#58,.T.);
#1163=EDGE_CURVE('',#1421,#1497,#1834,.T.);
#1164=EDGE_CURVE('',#1497,#1496,#1835,.T.);
#1165=EDGE_CURVE('',#1498,#1499,#1836,.T.);
#1166=EDGE_CURVE('',#1498,#1500,#1837,.T.);
#1167=EDGE_CURVE('',#1501,#1500,#1838,.T.);
#1168=EDGE_CURVE('',#1502,#1501,#1839,.T.);
#1169=EDGE_CURVE('',#1503,#1502,#1840,.T.);
#1170=EDGE_CURVE('',#1503,#1499,#1841,.T.);
#1171=EDGE_CURVE('',#1504,#1505,#1842,.T.);
#1172=EDGE_CURVE('',#1505,#1506,#1843,.T.);
#1173=EDGE_CURVE('',#1507,#1506,#1844,.T.);
#1174=EDGE_CURVE('',#1507,#1508,#1845,.T.);
#1175=EDGE_CURVE('',#1508,#1509,#1846,.T.);
#1176=EDGE_CURVE('',#1509,#1510,#1847,.T.);
#1177=EDGE_CURVE('',#1511,#1510,#1848,.T.);
#1178=EDGE_CURVE('',#1504,#1511,#1849,.T.);
#1179=EDGE_CURVE('',#1512,#1513,#1850,.T.);
#1180=EDGE_CURVE('',#1512,#1514,#1851,.T.);
#1181=EDGE_CURVE('',#1515,#1514,#1852,.T.);
#1182=EDGE_CURVE('',#1515,#1516,#1853,.T.);
#1183=EDGE_CURVE('',#1516,#1517,#1854,.T.);
#1184=EDGE_CURVE('',#1517,#1513,#1855,.T.);
#1185=EDGE_CURVE('',#1518,#1510,#1856,.T.);
#1186=EDGE_CURVE('',#1519,#1518,#1857,.T.);
#1187=EDGE_CURVE('',#1511,#1519,#1858,.T.);
#1188=EDGE_CURVE('',#1520,#1521,#1859,.T.);
#1189=EDGE_CURVE('',#1522,#1520,#59,.T.);
#1190=EDGE_CURVE('',#1522,#1523,#1860,.T.);
#1191=EDGE_CURVE('',#1523,#1524,#60,.T.);
#1192=EDGE_CURVE('',#1525,#1524,#14,.T.);
#1193=EDGE_CURVE('',#1526,#1525,#1861,.T.);
#1194=EDGE_CURVE('',#1527,#1526,#12,.T.);
#1195=EDGE_CURVE('',#1528,#1527,#1862,.F.);
#1196=EDGE_CURVE('',#1529,#1528,#15,.T.);
#1197=EDGE_CURVE('',#1529,#1530,#61,.T.);
#1198=EDGE_CURVE('',#1531,#1530,#1863,.T.);
#1199=EDGE_CURVE('',#1532,#1531,#62,.T.);
#1200=EDGE_CURVE('',#1533,#1532,#1864,.F.);
#1201=EDGE_CURVE('',#1534,#1533,#16,.T.);
#1202=EDGE_CURVE('',#1534,#1535,#1865,.F.);
#1203=EDGE_CURVE('',#1536,#1535,#63,.T.);
#1204=EDGE_CURVE('',#1536,#1537,#1866,.T.);
#1205=EDGE_CURVE('',#1521,#1537,#17,.T.);
#1206=EDGE_CURVE('',#1520,#1532,#1867,.T.);
#1207=EDGE_CURVE('',#1522,#1531,#1868,.T.);
#1208=EDGE_CURVE('',#1538,#1539,#1869,.T.);
#1209=EDGE_CURVE('',#1540,#1538,#64,.T.);
#1210=EDGE_CURVE('',#1541,#1540,#1870,.F.);
#1211=EDGE_CURVE('',#1542,#1541,#18,.T.);
#1212=EDGE_CURVE('',#1542,#1543,#1871,.F.);
#1213=EDGE_CURVE('',#1544,#1543,#65,.T.);
#1214=EDGE_CURVE('',#1544,#1545,#1872,.T.);
#1215=EDGE_CURVE('',#1545,#1546,#66,.T.);
#1216=EDGE_CURVE('',#1547,#1546,#19,.T.);
#1217=EDGE_CURVE('',#1548,#1547,#1873,.T.);
#1218=EDGE_CURVE('',#1548,#1549,#13,.T.);
#1219=EDGE_CURVE('',#1550,#1549,#1874,.F.);
#1220=EDGE_CURVE('',#1551,#1550,#20,.T.);
#1221=EDGE_CURVE('',#1551,#1552,#67,.T.);
#1222=EDGE_CURVE('',#1553,#1552,#1875,.T.);
#1223=EDGE_CURVE('',#1554,#1553,#68,.T.);
#1224=EDGE_CURVE('',#1554,#1555,#1876,.T.);
#1225=EDGE_CURVE('',#1539,#1555,#21,.T.);
#1226=EDGE_CURVE('',#1538,#1540,#1877,.T.);
#1227=EDGE_CURVE('',#1556,#1501,#1878,.T.);
#1228=EDGE_CURVE('',#1557,#1556,#1879,.T.);
#1229=EDGE_CURVE('',#1502,#1557,#1880,.T.);
#1230=EDGE_CURVE('',#1558,#1556,#1881,.T.);
#1231=EDGE_CURVE('',#1559,#1558,#1882,.T.);
#1232=EDGE_CURVE('',#1557,#1559,#1883,.T.);
#1233=EDGE_CURVE('',#1560,#1558,#1884,.T.);
#1234=EDGE_CURVE('',#1561,#1560,#1885,.T.);
#1235=EDGE_CURVE('',#1559,#1561,#1886,.T.);
#1236=EDGE_CURVE('',#1505,#1560,#1887,.T.);
#1237=EDGE_CURVE('',#1561,#1504,#1888,.T.);
#1238=EDGE_CURVE('',#1562,#1563,#1889,.T.);
#1239=EDGE_CURVE('',#1545,#1563,#1890,.T.);
#1240=EDGE_CURVE('',#1553,#1544,#1891,.T.);
#1241=EDGE_CURVE('',#1564,#1552,#1892,.T.);
#1242=EDGE_CURVE('',#1565,#1564,#1893,.T.);
#1243=EDGE_CURVE('',#1565,#1562,#1894,.T.);
#1244=EDGE_CURVE('',#1566,#1566,#69,.T.);
#1245=EDGE_CURVE('',#1567,#1567,#70,.T.);
#1246=EDGE_CURVE('',#1568,#1568,#71,.T.);
#1247=EDGE_CURVE('',#1569,#1569,#72,.T.);
#1248=EDGE_CURVE('',#1570,#1563,#1895,.T.);
#1249=EDGE_CURVE('',#1530,#1570,#1896,.T.);
#1250=EDGE_CURVE('',#1524,#1529,#1897,.T.);
#1251=EDGE_CURVE('',#1571,#1523,#1898,.T.);
#1252=EDGE_CURVE('',#1571,#1564,#1899,.T.);
#1253=EDGE_CURVE('',#1551,#1546,#1900,.T.);
#1254=EDGE_CURVE('',#1572,#1572,#73,.T.);
#1255=EDGE_CURVE('',#1573,#1573,#74,.T.);
#1256=EDGE_CURVE('',#1574,#1574,#75,.T.);
#1257=EDGE_CURVE('',#1575,#1575,#76,.T.);
#1258=EDGE_CURVE('',#1576,#1570,#1901,.T.);
#1259=EDGE_CURVE('',#1577,#1576,#1902,.T.);
#1260=EDGE_CURVE('',#1577,#1571,#1903,.T.);
#1261=EDGE_CURVE('',#1576,#1562,#1904,.T.);
#1262=EDGE_CURVE('',#1519,#1565,#1905,.T.);
#1263=EDGE_CURVE('',#1578,#1518,#1906,.T.);
#1264=EDGE_CURVE('',#1579,#1578,#1907,.T.);
#1265=EDGE_CURVE('',#1577,#1579,#1908,.T.);
#1266=EDGE_CURVE('',#1509,#1578,#1909,.T.);
#1267=EDGE_CURVE('',#1508,#1579,#1910,.T.);
#1268=EDGE_CURVE('',#1506,#1580,#1911,.T.);
#1269=EDGE_CURVE('',#1581,#1580,#1912,.T.);
#1270=EDGE_CURVE('',#1581,#1507,#1913,.T.);
#1271=EDGE_CURVE('',#1580,#1582,#1914,.T.);
#1272=EDGE_CURVE('',#1583,#1582,#1915,.T.);
#1273=EDGE_CURVE('',#1583,#1581,#1916,.T.);
#1274=EDGE_CURVE('',#1582,#1584,#1917,.T.);
#1275=EDGE_CURVE('',#1585,#1584,#1918,.T.);
#1276=EDGE_CURVE('',#1585,#1583,#1919,.T.);
#1277=EDGE_CURVE('',#1584,#1517,#1920,.T.);
#1278=EDGE_CURVE('',#1516,#1585,#1921,.T.);
#1279=EDGE_CURVE('',#1465,#1515,#1922,.T.);
#1280=EDGE_CURVE('',#1586,#1429,#1923,.T.);
#1281=EDGE_CURVE('',#1503,#1586,#1924,.T.);
#1282=EDGE_CURVE('',#1587,#1587,#77,.T.);
#1283=EDGE_CURVE('',#1588,#1588,#78,.T.);
#1284=EDGE_CURVE('',#1589,#1589,#79,.T.);
#1285=EDGE_CURVE('',#1590,#1590,#80,.T.);
#1286=EDGE_CURVE('',#1591,#1591,#81,.T.);
#1287=EDGE_CURVE('',#1592,#1592,#82,.T.);
#1288=EDGE_CURVE('',#1593,#1593,#83,.T.);
#1289=EDGE_CURVE('',#1594,#1594,#84,.T.);
#1290=EDGE_CURVE('',#1536,#1535,#1925,.T.);
#1291=EDGE_CURVE('',#1554,#1543,#1926,.T.);
#1292=EDGE_CURVE('',#1550,#1547,#1927,.T.);
#1293=EDGE_CURVE('',#1549,#1548,#1928,.T.);
#1294=EDGE_CURVE('',#1555,#1542,#1929,.T.);
#1295=EDGE_CURVE('',#1539,#1541,#1930,.T.);
#1296=EDGE_CURVE('',#1526,#1527,#1931,.T.);
#1297=EDGE_CURVE('',#1525,#1528,#1932,.T.);
#1298=EDGE_CURVE('',#1537,#1534,#1933,.T.);
#1299=EDGE_CURVE('',#1521,#1533,#1934,.T.);
#1300=EDGE_CURVE('',#1464,#1494,#1935,.T.);
#1301=EDGE_CURVE('',#1468,#1513,#1936,.T.);
#1302=EDGE_CURVE('',#1595,#1500,#1937,.T.);
#1303=EDGE_CURVE('',#1595,#1596,#1938,.T.);
#1304=EDGE_CURVE('',#1470,#1596,#1939,.T.);
#1305=EDGE_CURVE('',#1473,#1471,#1940,.T.);
#1306=EDGE_CURVE('',#1479,#1472,#1941,.T.);
#1307=EDGE_CURVE('',#1478,#1481,#1942,.T.);
#1308=EDGE_CURVE('',#1474,#1480,#1943,.T.);
#1309=EDGE_CURVE('',#1475,#1477,#1944,.T.);
#1310=EDGE_CURVE('',#1484,#1476,#1945,.T.);
#1311=EDGE_CURVE('',#1485,#1483,#1946,.T.);
#1312=EDGE_CURVE('',#1488,#1482,#1947,.T.);
#1313=EDGE_CURVE('',#1489,#1487,#1948,.T.);
#1314=EDGE_CURVE('',#1493,#1486,#1949,.T.);
#1315=EDGE_CURVE('',#1492,#1491,#1950,.T.);
#1316=EDGE_CURVE('',#1496,#1490,#1951,.T.);
#1317=EDGE_CURVE('',#1497,#1495,#1952,.T.);
#1318=EDGE_CURVE('',#1597,#1428,#1953,.T.);
#1319=EDGE_CURVE('',#1597,#1596,#85,.T.);
#1320=EDGE_CURVE('',#1595,#1598,#1954,.T.);
#1321=EDGE_CURVE('',#1598,#1599,#1955,.T.);
#1322=EDGE_CURVE('',#1599,#1586,#1956,.T.);
#1323=EDGE_CURVE('',#1499,#1599,#1957,.T.);
#1324=EDGE_CURVE('',#1466,#1514,#1958,.T.);
#1325=EDGE_CURVE('',#1467,#1512,#1959,.T.);
#1326=EDGE_CURVE('',#1498,#1598,#1960,.T.);
#1327=EDGE_CURVE('',#1469,#1597,#1961,.T.);
#1328=VERTEX_POINT('',#4918);
#1329=VERTEX_POINT('',#4919);
#1330=VERTEX_POINT('',#4921);
#1331=VERTEX_POINT('',#4923);
#1332=VERTEX_POINT('',#4925);
#1333=VERTEX_POINT('',#4929);
#1334=VERTEX_POINT('',#4930);
#1335=VERTEX_POINT('',#4932);
#1336=VERTEX_POINT('',#4934);
#1337=VERTEX_POINT('',#4936);
#1338=VERTEX_POINT('',#4938);
#1339=VERTEX_POINT('',#4942);
#1340=VERTEX_POINT('',#4943);
#1341=VERTEX_POINT('',#4945);
#1342=VERTEX_POINT('',#4947);
#1343=VERTEX_POINT('',#4949);
#1344=VERTEX_POINT('',#4951);
#1345=VERTEX_POINT('',#4955);
#1346=VERTEX_POINT('',#4956);
#1347=VERTEX_POINT('',#4958);
#1348=VERTEX_POINT('',#4960);
#1349=VERTEX_POINT('',#4962);
#1350=VERTEX_POINT('',#4964);
#1351=VERTEX_POINT('',#4968);
#1352=VERTEX_POINT('',#4969);
#1353=VERTEX_POINT('',#4971);
#1354=VERTEX_POINT('',#4973);
#1355=VERTEX_POINT('',#4975);
#1356=VERTEX_POINT('',#4977);
#1357=VERTEX_POINT('',#4981);
#1358=VERTEX_POINT('',#4982);
#1359=VERTEX_POINT('',#4984);
#1360=VERTEX_POINT('',#4986);
#1361=VERTEX_POINT('',#4988);
#1362=VERTEX_POINT('',#4990);
#1363=VERTEX_POINT('',#4994);
#1364=VERTEX_POINT('',#4995);
#1365=VERTEX_POINT('',#4997);
#1366=VERTEX_POINT('',#4999);
#1367=VERTEX_POINT('',#5001);
#1368=VERTEX_POINT('',#5003);
#1369=VERTEX_POINT('',#5007);
#1370=VERTEX_POINT('',#5009);
#1371=VERTEX_POINT('',#5013);
#1372=VERTEX_POINT('',#5015);
#1373=VERTEX_POINT('',#5017);
#1374=VERTEX_POINT('',#5019);
#1375=VERTEX_POINT('',#5022);
#1376=VERTEX_POINT('',#5026);
#1377=VERTEX_POINT('',#5030);
#1378=VERTEX_POINT('',#5032);
#1379=VERTEX_POINT('',#5036);
#1380=VERTEX_POINT('',#5038);
#1381=VERTEX_POINT('',#5040);
#1382=VERTEX_POINT('',#5042);
#1383=VERTEX_POINT('',#5045);
#1384=VERTEX_POINT('',#5049);
#1385=VERTEX_POINT('',#5053);
#1386=VERTEX_POINT('',#5055);
#1387=VERTEX_POINT('',#5059);
#1388=VERTEX_POINT('',#5061);
#1389=VERTEX_POINT('',#5063);
#1390=VERTEX_POINT('',#5065);
#1391=VERTEX_POINT('',#5068);
#1392=VERTEX_POINT('',#5072);
#1393=VERTEX_POINT('',#5076);
#1394=VERTEX_POINT('',#5078);
#1395=VERTEX_POINT('',#5080);
#1396=VERTEX_POINT('',#5082);
#1397=VERTEX_POINT('',#5084);
#1398=VERTEX_POINT('',#5087);
#1399=VERTEX_POINT('',#5091);
#1400=VERTEX_POINT('',#5095);
#1401=VERTEX_POINT('',#5099);
#1402=VERTEX_POINT('',#5101);
#1403=VERTEX_POINT('',#5103);
#1404=VERTEX_POINT('',#5105);
#1405=VERTEX_POINT('',#5107);
#1406=VERTEX_POINT('',#5110);
#1407=VERTEX_POINT('',#5114);
#1408=VERTEX_POINT('',#5118);
#1409=VERTEX_POINT('',#5122);
#1410=VERTEX_POINT('',#5124);
#1411=VERTEX_POINT('',#5126);
#1412=VERTEX_POINT('',#5128);
#1413=VERTEX_POINT('',#5130);
#1414=VERTEX_POINT('',#5133);
#1415=VERTEX_POINT('',#5137);
#1416=VERTEX_POINT('',#5141);
#1417=VERTEX_POINT('',#5145);
#1418=VERTEX_POINT('',#5146);
#1419=VERTEX_POINT('',#5148);
#1420=VERTEX_POINT('',#5150);
#1421=VERTEX_POINT('',#5152);
#1422=VERTEX_POINT('',#5154);
#1423=VERTEX_POINT('',#5157);
#1424=VERTEX_POINT('',#5161);
#1425=VERTEX_POINT('',#5165);
#1426=VERTEX_POINT('',#5166);
#1427=VERTEX_POINT('',#5171);
#1428=VERTEX_POINT('',#5173);
#1429=VERTEX_POINT('',#5175);
#1430=VERTEX_POINT('',#5177);
#1431=VERTEX_POINT('',#5179);
#1432=VERTEX_POINT('',#5181);
#1433=VERTEX_POINT('',#5183);
#1434=VERTEX_POINT('',#5185);
#1435=VERTEX_POINT('',#5187);
#1436=VERTEX_POINT('',#5196);
#1437=VERTEX_POINT('',#5199);
#1438=VERTEX_POINT('',#5201);
#1439=VERTEX_POINT('',#5204);
#1440=VERTEX_POINT('',#5206);
#1441=VERTEX_POINT('',#5209);
#1442=VERTEX_POINT('',#5211);
#1443=VERTEX_POINT('',#5214);
#1444=VERTEX_POINT('',#5216);
#1445=VERTEX_POINT('',#5219);
#1446=VERTEX_POINT('',#5221);
#1447=VERTEX_POINT('',#5224);
#1448=VERTEX_POINT('',#5225);
#1449=VERTEX_POINT('',#5230);
#1450=VERTEX_POINT('',#5275);
#1451=VERTEX_POINT('',#5277);
#1452=VERTEX_POINT('',#5281);
#1453=VERTEX_POINT('',#5283);
#1454=VERTEX_POINT('',#5287);
#1455=VERTEX_POINT('',#5289);
#1456=VERTEX_POINT('',#5293);
#1457=VERTEX_POINT('',#5295);
#1458=VERTEX_POINT('',#5299);
#1459=VERTEX_POINT('',#5301);
#1460=VERTEX_POINT('',#5305);
#1461=VERTEX_POINT('',#5307);
#1462=VERTEX_POINT('',#5311);
#1463=VERTEX_POINT('',#5313);
#1464=VERTEX_POINT('',#5317);
#1465=VERTEX_POINT('',#5319);
#1466=VERTEX_POINT('',#5321);
#1467=VERTEX_POINT('',#5323);
#1468=VERTEX_POINT('',#5325);
#1469=VERTEX_POINT('',#5329);
#1470=VERTEX_POINT('',#5330);
#1471=VERTEX_POINT('',#5333);
#1472=VERTEX_POINT('',#5337);
#1473=VERTEX_POINT('',#5339);
#1474=VERTEX_POINT('',#5343);
#1475=VERTEX_POINT('',#5345);
#1476=VERTEX_POINT('',#5349);
#1477=VERTEX_POINT('',#5351);
#1478=VERTEX_POINT('',#5355);
#1479=VERTEX_POINT('',#5357);
#1480=VERTEX_POINT('',#5361);
#1481=VERTEX_POINT('',#5363);
#1482=VERTEX_POINT('',#5367);
#1483=VERTEX_POINT('',#5369);
#1484=VERTEX_POINT('',#5373);
#1485=VERTEX_POINT('',#5375);
#1486=VERTEX_POINT('',#5379);
#1487=VERTEX_POINT('',#5381);
#1488=VERTEX_POINT('',#5385);
#1489=VERTEX_POINT('',#5387);
#1490=VERTEX_POINT('',#5391);
#1491=VERTEX_POINT('',#5393);
#1492=VERTEX_POINT('',#5397);
#1493=VERTEX_POINT('',#5399);
#1494=VERTEX_POINT('',#5403);
#1495=VERTEX_POINT('',#5405);
#1496=VERTEX_POINT('',#5409);
#1497=VERTEX_POINT('',#5411);
#1498=VERTEX_POINT('',#5415);
#1499=VERTEX_POINT('',#5416);
#1500=VERTEX_POINT('',#5418);
#1501=VERTEX_POINT('',#5420);
#1502=VERTEX_POINT('',#5422);
#1503=VERTEX_POINT('',#5424);
#1504=VERTEX_POINT('',#5428);
#1505=VERTEX_POINT('',#5429);
#1506=VERTEX_POINT('',#5431);
#1507=VERTEX_POINT('',#5433);
#1508=VERTEX_POINT('',#5435);
#1509=VERTEX_POINT('',#5437);
#1510=VERTEX_POINT('',#5439);
#1511=VERTEX_POINT('',#5441);
#1512=VERTEX_POINT('',#5445);
#1513=VERTEX_POINT('',#5446);
#1514=VERTEX_POINT('',#5448);
#1515=VERTEX_POINT('',#5450);
#1516=VERTEX_POINT('',#5452);
#1517=VERTEX_POINT('',#5454);
#1518=VERTEX_POINT('',#5458);
#1519=VERTEX_POINT('',#5460);
#1520=VERTEX_POINT('',#5464);
#1521=VERTEX_POINT('',#5465);
#1522=VERTEX_POINT('',#5467);
#1523=VERTEX_POINT('',#5469);
#1524=VERTEX_POINT('',#5471);
#1525=VERTEX_POINT('',#5477);
#1526=VERTEX_POINT('',#5479);
#1527=VERTEX_POINT('',#5481);
#1528=VERTEX_POINT('',#5483);
#1529=VERTEX_POINT('',#5489);
#1530=VERTEX_POINT('',#5491);
#1531=VERTEX_POINT('',#5493);
#1532=VERTEX_POINT('',#5495);
#1533=VERTEX_POINT('',#5497);
#1534=VERTEX_POINT('',#5505);
#1535=VERTEX_POINT('',#5507);
#1536=VERTEX_POINT('',#5509);
#1537=VERTEX_POINT('',#5511);
#1538=VERTEX_POINT('',#5524);
#1539=VERTEX_POINT('',#5525);
#1540=VERTEX_POINT('',#5527);
#1541=VERTEX_POINT('',#5529);
#1542=VERTEX_POINT('',#5537);
#1543=VERTEX_POINT('',#5539);
#1544=VERTEX_POINT('',#5541);
#1545=VERTEX_POINT('',#5543);
#1546=VERTEX_POINT('',#5545);
#1547=VERTEX_POINT('',#5551);
#1548=VERTEX_POINT('',#5553);
#1549=VERTEX_POINT('',#5555);
#1550=VERTEX_POINT('',#5557);
#1551=VERTEX_POINT('',#5563);
#1552=VERTEX_POINT('',#5565);
#1553=VERTEX_POINT('',#5567);
#1554=VERTEX_POINT('',#5569);
#1555=VERTEX_POINT('',#5571);
#1556=VERTEX_POINT('',#5583);
#1557=VERTEX_POINT('',#5585);
#1558=VERTEX_POINT('',#5589);
#1559=VERTEX_POINT('',#5591);
#1560=VERTEX_POINT('',#5595);
#1561=VERTEX_POINT('',#5597);
#1562=VERTEX_POINT('',#5604);
#1563=VERTEX_POINT('',#5605);
#1564=VERTEX_POINT('',#5609);
#1565=VERTEX_POINT('',#5611);
#1566=VERTEX_POINT('',#5615);
#1567=VERTEX_POINT('',#5617);
#1568=VERTEX_POINT('',#5619);
#1569=VERTEX_POINT('',#5621);
#1570=VERTEX_POINT('',#5623);
#1571=VERTEX_POINT('',#5627);
#1572=VERTEX_POINT('',#5631);
#1573=VERTEX_POINT('',#5633);
#1574=VERTEX_POINT('',#5635);
#1575=VERTEX_POINT('',#5637);
#1576=VERTEX_POINT('',#5640);
#1577=VERTEX_POINT('',#5642);
#1578=VERTEX_POINT('',#5648);
#1579=VERTEX_POINT('',#5650);
#1580=VERTEX_POINT('',#5657);
#1581=VERTEX_POINT('',#5659);
#1582=VERTEX_POINT('',#5663);
#1583=VERTEX_POINT('',#5665);
#1584=VERTEX_POINT('',#5669);
#1585=VERTEX_POINT('',#5671);
#1586=VERTEX_POINT('',#5679);
#1587=VERTEX_POINT('',#5684);
#1588=VERTEX_POINT('',#5688);
#1589=VERTEX_POINT('',#5692);
#1590=VERTEX_POINT('',#5696);
#1591=VERTEX_POINT('',#5700);
#1592=VERTEX_POINT('',#5704);
#1593=VERTEX_POINT('',#5708);
#1594=VERTEX_POINT('',#5712);
#1595=VERTEX_POINT('',#5743);
#1596=VERTEX_POINT('',#5745);
#1597=VERTEX_POINT('',#5762);
#1598=VERTEX_POINT('',#5765);
#1599=VERTEX_POINT('',#5767);
#1600=LINE('',#4917,#1962);
#1601=LINE('',#4920,#1963);
#1602=LINE('',#4922,#1964);
#1603=LINE('',#4924,#1965);
#1604=LINE('',#4926,#1966);
#1605=LINE('',#4928,#1967);
#1606=LINE('',#4931,#1968);
#1607=LINE('',#4933,#1969);
#1608=LINE('',#4935,#1970);
#1609=LINE('',#4937,#1971);
#1610=LINE('',#4939,#1972);
#1611=LINE('',#4941,#1973);
#1612=LINE('',#4944,#1974);
#1613=LINE('',#4946,#1975);
#1614=LINE('',#4948,#1976);
#1615=LINE('',#4950,#1977);
#1616=LINE('',#4952,#1978);
#1617=LINE('',#4954,#1979);
#1618=LINE('',#4957,#1980);
#1619=LINE('',#4959,#1981);
#1620=LINE('',#4961,#1982);
#1621=LINE('',#4963,#1983);
#1622=LINE('',#4965,#1984);
#1623=LINE('',#4967,#1985);
#1624=LINE('',#4970,#1986);
#1625=LINE('',#4972,#1987);
#1626=LINE('',#4974,#1988);
#1627=LINE('',#4976,#1989);
#1628=LINE('',#4978,#1990);
#1629=LINE('',#4980,#1991);
#1630=LINE('',#4983,#1992);
#1631=LINE('',#4985,#1993);
#1632=LINE('',#4987,#1994);
#1633=LINE('',#4989,#1995);
#1634=LINE('',#4991,#1996);
#1635=LINE('',#4993,#1997);
#1636=LINE('',#4996,#1998);
#1637=LINE('',#4998,#1999);
#1638=LINE('',#5000,#2000);
#1639=LINE('',#5002,#2001);
#1640=LINE('',#5004,#2002);
#1641=LINE('',#5006,#2003);
#1642=LINE('',#5008,#2004);
#1643=LINE('',#5010,#2005);
#1644=LINE('',#5012,#2006);
#1645=LINE('',#5014,#2007);
#1646=LINE('',#5016,#2008);
#1647=LINE('',#5018,#2009);
#1648=LINE('',#5020,#2010);
#1649=LINE('',#5021,#2011);
#1650=LINE('',#5023,#2012);
#1651=LINE('',#5025,#2013);
#1652=LINE('',#5027,#2014);
#1653=LINE('',#5029,#2015);
#1654=LINE('',#5031,#2016);
#1655=LINE('',#5033,#2017);
#1656=LINE('',#5035,#2018);
#1657=LINE('',#5037,#2019);
#1658=LINE('',#5039,#2020);
#1659=LINE('',#5041,#2021);
#1660=LINE('',#5043,#2022);
#1661=LINE('',#5044,#2023);
#1662=LINE('',#5046,#2024);
#1663=LINE('',#5048,#2025);
#1664=LINE('',#5050,#2026);
#1665=LINE('',#5052,#2027);
#1666=LINE('',#5054,#2028);
#1667=LINE('',#5056,#2029);
#1668=LINE('',#5058,#2030);
#1669=LINE('',#5060,#2031);
#1670=LINE('',#5062,#2032);
#1671=LINE('',#5064,#2033);
#1672=LINE('',#5066,#2034);
#1673=LINE('',#5067,#2035);
#1674=LINE('',#5069,#2036);
#1675=LINE('',#5071,#2037);
#1676=LINE('',#5073,#2038);
#1677=LINE('',#5075,#2039);
#1678=LINE('',#5077,#2040);
#1679=LINE('',#5079,#2041);
#1680=LINE('',#5081,#2042);
#1681=LINE('',#5083,#2043);
#1682=LINE('',#5085,#2044);
#1683=LINE('',#5086,#2045);
#1684=LINE('',#5088,#2046);
#1685=LINE('',#5090,#2047);
#1686=LINE('',#5092,#2048);
#1687=LINE('',#5094,#2049);
#1688=LINE('',#5096,#2050);
#1689=LINE('',#5098,#2051);
#1690=LINE('',#5100,#2052);
#1691=LINE('',#5102,#2053);
#1692=LINE('',#5104,#2054);
#1693=LINE('',#5106,#2055);
#1694=LINE('',#5108,#2056);
#1695=LINE('',#5109,#2057);
#1696=LINE('',#5111,#2058);
#1697=LINE('',#5113,#2059);
#1698=LINE('',#5115,#2060);
#1699=LINE('',#5117,#2061);
#1700=LINE('',#5119,#2062);
#1701=LINE('',#5121,#2063);
#1702=LINE('',#5123,#2064);
#1703=LINE('',#5125,#2065);
#1704=LINE('',#5127,#2066);
#1705=LINE('',#5129,#2067);
#1706=LINE('',#5131,#2068);
#1707=LINE('',#5132,#2069);
#1708=LINE('',#5134,#2070);
#1709=LINE('',#5136,#2071);
#1710=LINE('',#5138,#2072);
#1711=LINE('',#5140,#2073);
#1712=LINE('',#5142,#2074);
#1713=LINE('',#5144,#2075);
#1714=LINE('',#5147,#2076);
#1715=LINE('',#5149,#2077);
#1716=LINE('',#5151,#2078);
#1717=LINE('',#5153,#2079);
#1718=LINE('',#5155,#2080);
#1719=LINE('',#5156,#2081);
#1720=LINE('',#5158,#2082);
#1721=LINE('',#5160,#2083);
#1722=LINE('',#5162,#2084);
#1723=LINE('',#5164,#2085);
#1724=LINE('',#5167,#2086);
#1725=LINE('',#5168,#2087);
#1726=LINE('',#5170,#2088);
#1727=LINE('',#5172,#2089);
#1728=LINE('',#5174,#2090);
#1729=LINE('',#5176,#2091);
#1730=LINE('',#5178,#2092);
#1731=LINE('',#5180,#2093);
#1732=LINE('',#5182,#2094);
#1733=LINE('',#5184,#2095);
#1734=LINE('',#5186,#2096);
#1735=LINE('',#5188,#2097);
#1736=LINE('',#5189,#2098);
#1737=LINE('',#5190,#2099);
#1738=LINE('',#5191,#2100);
#1739=LINE('',#5192,#2101);
#1740=LINE('',#5193,#2102);
#1741=LINE('',#5194,#2103);
#1742=LINE('',#5195,#2104);
#1743=LINE('',#5197,#2105);
#1744=LINE('',#5198,#2106);
#1745=LINE('',#5200,#2107);
#1746=LINE('',#5202,#2108);
#1747=LINE('',#5203,#2109);
#1748=LINE('',#5205,#2110);
#1749=LINE('',#5207,#2111);
#1750=LINE('',#5208,#2112);
#1751=LINE('',#5210,#2113);
#1752=LINE('',#5212,#2114);
#1753=LINE('',#5213,#2115);
#1754=LINE('',#5215,#2116);
#1755=LINE('',#5217,#2117);
#1756=LINE('',#5218,#2118);
#1757=LINE('',#5220,#2119);
#1758=LINE('',#5222,#2120);
#1759=LINE('',#5223,#2121);
#1760=LINE('',#5226,#2122);
#1761=LINE('',#5227,#2123);
#1762=LINE('',#5229,#2124);
#1763=LINE('',#5231,#2125);
#1764=LINE('',#5233,#2126);
#1765=LINE('',#5241,#2127);
#1766=LINE('',#5243,#2128);
#1767=LINE('',#5246,#2129);
#1768=LINE('',#5248,#2130);
#1769=LINE('',#5250,#2131);
#1770=LINE('',#5252,#2132);
#1771=LINE('',#5254,#2133);
#1772=LINE('',#5256,#2134);
#1773=LINE('',#5258,#2135);
#1774=LINE('',#5260,#2136);
#1775=LINE('',#5262,#2137);
#1776=LINE('',#5264,#2138);
#1777=LINE('',#5266,#2139);
#1778=LINE('',#5268,#2140);
#1779=LINE('',#5270,#2141);
#1780=LINE('',#5272,#2142);
#1781=LINE('',#5274,#2143);
#1782=LINE('',#5276,#2144);
#1783=LINE('',#5278,#2145);
#1784=LINE('',#5280,#2146);
#1785=LINE('',#5282,#2147);
#1786=LINE('',#5284,#2148);
#1787=LINE('',#5286,#2149);
#1788=LINE('',#5288,#2150);
#1789=LINE('',#5290,#2151);
#1790=LINE('',#5292,#2152);
#1791=LINE('',#5294,#2153);
#1792=LINE('',#5296,#2154);
#1793=LINE('',#5298,#2155);
#1794=LINE('',#5300,#2156);
#1795=LINE('',#5302,#2157);
#1796=LINE('',#5304,#2158);
#1797=LINE('',#5306,#2159);
#1798=LINE('',#5308,#2160);
#1799=LINE('',#5310,#2161);
#1800=LINE('',#5312,#2162);
#1801=LINE('',#5314,#2163);
#1802=LINE('',#5318,#2164);
#1803=LINE('',#5320,#2165);
#1804=LINE('',#5322,#2166);
#1805=LINE('',#5324,#2167);
#1806=LINE('',#5326,#2168);
#1807=LINE('',#5331,#2169);
#1808=LINE('',#5332,#2170);
#1809=LINE('',#5334,#2171);
#1810=LINE('',#5338,#2172);
#1811=LINE('',#5340,#2173);
#1812=LINE('',#5344,#2174);
#1813=LINE('',#5346,#2175);
#1814=LINE('',#5350,#2176);
#1815=LINE('',#5352,#2177);
#1816=LINE('',#5354,#2178);
#1817=LINE('',#5356,#2179);
#1818=LINE('',#5362,#2180);
#1819=LINE('',#5364,#2181);
#1820=LINE('',#5368,#2182);
#1821=LINE('',#5370,#2183);
#1822=LINE('',#5374,#2184);
#1823=LINE('',#5376,#2185);
#1824=LINE('',#5380,#2186);
#1825=LINE('',#5382,#2187);
#1826=LINE('',#5386,#2188);
#1827=LINE('',#5388,#2189);
#1828=LINE('',#5392,#2190);
#1829=LINE('',#5394,#2191);
#1830=LINE('',#5396,#2192);
#1831=LINE('',#5398,#2193);
#1832=LINE('',#5404,#2194);
#1833=LINE('',#5406,#2195);
#1834=LINE('',#5410,#2196);
#1835=LINE('',#5412,#2197);
#1836=LINE('',#5414,#2198);
#1837=LINE('',#5417,#2199);
#1838=LINE('',#5419,#2200);
#1839=LINE('',#5421,#2201);
#1840=LINE('',#5423,#2202);
#1841=LINE('',#5425,#2203);
#1842=LINE('',#5427,#2204);
#1843=LINE('',#5430,#2205);
#1844=LINE('',#5432,#2206);
#1845=LINE('',#5434,#2207);
#1846=LINE('',#5436,#2208);
#1847=LINE('',#5438,#2209);
#1848=LINE('',#5440,#2210);
#1849=LINE('',#5442,#2211);
#1850=LINE('',#5444,#2212);
#1851=LINE('',#5447,#2213);
#1852=LINE('',#5449,#2214);
#1853=LINE('',#5451,#2215);
#1854=LINE('',#5453,#2216);
#1855=LINE('',#5455,#2217);
#1856=LINE('',#5457,#2218);
#1857=LINE('',#5459,#2219);
#1858=LINE('',#5461,#2220);
#1859=LINE('',#5463,#2221);
#1860=LINE('',#5468,#2222);
#1861=LINE('',#5478,#2223);
#1862=LINE('',#5482,#2224);
#1863=LINE('',#5492,#2225);
#1864=LINE('',#5496,#2226);
#1865=LINE('',#5506,#2227);
#1866=LINE('',#5510,#2228);
#1867=LINE('',#5520,#2229);
#1868=LINE('',#5521,#2230);
#1869=LINE('',#5523,#2231);
#1870=LINE('',#5528,#2232);
#1871=LINE('',#5538,#2233);
#1872=LINE('',#5542,#2234);
#1873=LINE('',#5552,#2235);
#1874=LINE('',#5556,#2236);
#1875=LINE('',#5566,#2237);
#1876=LINE('',#5570,#2238);
#1877=LINE('',#5580,#2239);
#1878=LINE('',#5582,#2240);
#1879=LINE('',#5584,#2241);
#1880=LINE('',#5586,#2242);
#1881=LINE('',#5588,#2243);
#1882=LINE('',#5590,#2244);
#1883=LINE('',#5592,#2245);
#1884=LINE('',#5594,#2246);
#1885=LINE('',#5596,#2247);
#1886=LINE('',#5598,#2248);
#1887=LINE('',#5600,#2249);
#1888=LINE('',#5601,#2250);
#1889=LINE('',#5603,#2251);
#1890=LINE('',#5606,#2252);
#1891=LINE('',#5607,#2253);
#1892=LINE('',#5608,#2254);
#1893=LINE('',#5610,#2255);
#1894=LINE('',#5612,#2256);
#1895=LINE('',#5622,#2257);
#1896=LINE('',#5624,#2258);
#1897=LINE('',#5625,#2259);
#1898=LINE('',#5626,#2260);
#1899=LINE('',#5628,#2261);
#1900=LINE('',#5629,#2262);
#1901=LINE('',#5639,#2263);
#1902=LINE('',#5641,#2264);
#1903=LINE('',#5643,#2265);
#1904=LINE('',#5645,#2266);
#1905=LINE('',#5646,#2267);
#1906=LINE('',#5647,#2268);
#1907=LINE('',#5649,#2269);
#1908=LINE('',#5651,#2270);
#1909=LINE('',#5653,#2271);
#1910=LINE('',#5654,#2272);
#1911=LINE('',#5656,#2273);
#1912=LINE('',#5658,#2274);
#1913=LINE('',#5660,#2275);
#1914=LINE('',#5662,#2276);
#1915=LINE('',#5664,#2277);
#1916=LINE('',#5666,#2278);
#1917=LINE('',#5668,#2279);
#1918=LINE('',#5670,#2280);
#1919=LINE('',#5672,#2281);
#1920=LINE('',#5674,#2282);
#1921=LINE('',#5675,#2283);
#1922=LINE('',#5677,#2284);
#1923=LINE('',#5678,#2285);
#1924=LINE('',#5680,#2286);
#1925=LINE('',#5715,#2287);
#1926=LINE('',#5717,#2288);
#1927=LINE('',#5719,#2289);
#1928=LINE('',#5721,#2290);
#1929=LINE('',#5724,#2291);
#1930=LINE('',#5725,#2292);
#1931=LINE('',#5729,#2293);
#1932=LINE('',#5731,#2294);
#1933=LINE('',#5734,#2295);
#1934=LINE('',#5735,#2296);
#1935=LINE('',#5740,#2297);
#1936=LINE('',#5741,#2298);
#1937=LINE('',#5742,#2299);
#1938=LINE('',#5744,#2300);
#1939=LINE('',#5746,#2301);
#1940=LINE('',#5747,#2302);
#1941=LINE('',#5748,#2303);
#1942=LINE('',#5749,#2304);
#1943=LINE('',#5750,#2305);
#1944=LINE('',#5751,#2306);
#1945=LINE('',#5752,#2307);
#1946=LINE('',#5753,#2308);
#1947=LINE('',#5754,#2309);
#1948=LINE('',#5755,#2310);
#1949=LINE('',#5756,#2311);
#1950=LINE('',#5757,#2312);
#1951=LINE('',#5758,#2313);
#1952=LINE('',#5759,#2314);
#1953=LINE('',#5761,#2315);
#1954=LINE('',#5764,#2316);
#1955=LINE('',#5766,#2317);
#1956=LINE('',#5768,#2318);
#1957=LINE('',#5770,#2319);
#1958=LINE('',#5772,#2320);
#1959=LINE('',#5781,#2321);
#1960=LINE('',#5784,#2322);
#1961=LINE('',#5787,#2323);
#1962=VECTOR('',#4159,1.);
#1963=VECTOR('',#4160,1.);
#1964=VECTOR('',#4161,1.);
#1965=VECTOR('',#4162,1.);
#1966=VECTOR('',#4163,1.);
#1967=VECTOR('',#4166,1.);
#1968=VECTOR('',#4167,1.);
#1969=VECTOR('',#4168,1.);
#1970=VECTOR('',#4169,1.);
#1971=VECTOR('',#4170,1.);
#1972=VECTOR('',#4171,1.);
#1973=VECTOR('',#4174,1.);
#1974=VECTOR('',#4175,1.);
#1975=VECTOR('',#4176,1.);
#1976=VECTOR('',#4177,1.);
#1977=VECTOR('',#4178,1.);
#1978=VECTOR('',#4179,1.);
#1979=VECTOR('',#4182,1.);
#1980=VECTOR('',#4183,1.);
#1981=VECTOR('',#4184,1.);
#1982=VECTOR('',#4185,1.);
#1983=VECTOR('',#4186,1.);
#1984=VECTOR('',#4187,1.);
#1985=VECTOR('',#4190,1.);
#1986=VECTOR('',#4191,1.);
#1987=VECTOR('',#4192,1.);
#1988=VECTOR('',#4193,1.);
#1989=VECTOR('',#4194,1.);
#1990=VECTOR('',#4195,1.);
#1991=VECTOR('',#4198,1.);
#1992=VECTOR('',#4199,1.);
#1993=VECTOR('',#4200,1.);
#1994=VECTOR('',#4201,1.);
#1995=VECTOR('',#4202,1.);
#1996=VECTOR('',#4203,1.);
#1997=VECTOR('',#4206,1.);
#1998=VECTOR('',#4207,1.);
#1999=VECTOR('',#4208,1.);
#2000=VECTOR('',#4209,1.);
#2001=VECTOR('',#4210,1.);
#2002=VECTOR('',#4211,1.);
#2003=VECTOR('',#4214,1.);
#2004=VECTOR('',#4215,1.);
#2005=VECTOR('',#4216,1.);
#2006=VECTOR('',#4219,1.);
#2007=VECTOR('',#4220,1.);
#2008=VECTOR('',#4221,1.);
#2009=VECTOR('',#4222,1.);
#2010=VECTOR('',#4223,1.);
#2011=VECTOR('',#4224,1.);
#2012=VECTOR('',#4225,1.);
#2013=VECTOR('',#4228,1.);
#2014=VECTOR('',#4229,1.);
#2015=VECTOR('',#4232,1.);
#2016=VECTOR('',#4233,1.);
#2017=VECTOR('',#4234,1.);
#2018=VECTOR('',#4237,1.);
#2019=VECTOR('',#4238,1.);
#2020=VECTOR('',#4239,1.);
#2021=VECTOR('',#4240,1.);
#2022=VECTOR('',#4241,1.);
#2023=VECTOR('',#4242,1.);
#2024=VECTOR('',#4243,1.);
#2025=VECTOR('',#4246,1.);
#2026=VECTOR('',#4247,1.);
#2027=VECTOR('',#4250,1.);
#2028=VECTOR('',#4251,1.);
#2029=VECTOR('',#4252,1.);
#2030=VECTOR('',#4255,1.);
#2031=VECTOR('',#4256,1.);
#2032=VECTOR('',#4257,1.);
#2033=VECTOR('',#4258,1.);
#2034=VECTOR('',#4259,1.);
#2035=VECTOR('',#4260,1.);
#2036=VECTOR('',#4261,1.);
#2037=VECTOR('',#4264,1.);
#2038=VECTOR('',#4265,1.);
#2039=VECTOR('',#4268,1.);
#2040=VECTOR('',#4269,1.);
#2041=VECTOR('',#4270,1.);
#2042=VECTOR('',#4271,1.);
#2043=VECTOR('',#4272,1.);
#2044=VECTOR('',#4273,1.);
#2045=VECTOR('',#4274,1.);
#2046=VECTOR('',#4275,1.);
#2047=VECTOR('',#4278,1.);
#2048=VECTOR('',#4279,1.);
#2049=VECTOR('',#4282,1.);
#2050=VECTOR('',#4283,1.);
#2051=VECTOR('',#4286,1.);
#2052=VECTOR('',#4287,1.);
#2053=VECTOR('',#4288,1.);
#2054=VECTOR('',#4289,1.);
#2055=VECTOR('',#4290,1.);
#2056=VECTOR('',#4291,1.);
#2057=VECTOR('',#4292,1.);
#2058=VECTOR('',#4293,1.);
#2059=VECTOR('',#4296,1.);
#2060=VECTOR('',#4297,1.);
#2061=VECTOR('',#4300,1.);
#2062=VECTOR('',#4301,1.);
#2063=VECTOR('',#4304,1.);
#2064=VECTOR('',#4305,1.);
#2065=VECTOR('',#4306,1.);
#2066=VECTOR('',#4307,1.);
#2067=VECTOR('',#4308,1.);
#2068=VECTOR('',#4309,1.);
#2069=VECTOR('',#4310,1.);
#2070=VECTOR('',#4311,1.);
#2071=VECTOR('',#4314,1.);
#2072=VECTOR('',#4315,1.);
#2073=VECTOR('',#4318,1.);
#2074=VECTOR('',#4319,1.);
#2075=VECTOR('',#4322,1.);
#2076=VECTOR('',#4323,1.);
#2077=VECTOR('',#4324,1.);
#2078=VECTOR('',#4325,1.);
#2079=VECTOR('',#4326,1.);
#2080=VECTOR('',#4327,1.);
#2081=VECTOR('',#4328,1.);
#2082=VECTOR('',#4329,1.);
#2083=VECTOR('',#4332,1.);
#2084=VECTOR('',#4333,1.);
#2085=VECTOR('',#4336,1.);
#2086=VECTOR('',#4337,1.);
#2087=VECTOR('',#4338,1.);
#2088=VECTOR('',#4341,1.);
#2089=VECTOR('',#4342,1.);
#2090=VECTOR('',#4343,1.);
#2091=VECTOR('',#4344,1.);
#2092=VECTOR('',#4345,1.);
#2093=VECTOR('',#4346,1.);
#2094=VECTOR('',#4347,1.);
#2095=VECTOR('',#4348,1.);
#2096=VECTOR('',#4349,1.);
#2097=VECTOR('',#4350,1.);
#2098=VECTOR('',#4351,1.);
#2099=VECTOR('',#4352,1.);
#2100=VECTOR('',#4353,1.);
#2101=VECTOR('',#4354,1.);
#2102=VECTOR('',#4355,1.);
#2103=VECTOR('',#4356,1.);
#2104=VECTOR('',#4357,1.);
#2105=VECTOR('',#4358,1.);
#2106=VECTOR('',#4359,1.);
#2107=VECTOR('',#4360,1.);
#2108=VECTOR('',#4361,1.);
#2109=VECTOR('',#4362,1.);
#2110=VECTOR('',#4363,1.);
#2111=VECTOR('',#4364,1.);
#2112=VECTOR('',#4365,1.);
#2113=VECTOR('',#4366,1.);
#2114=VECTOR('',#4367,1.);
#2115=VECTOR('',#4368,1.);
#2116=VECTOR('',#4369,1.);
#2117=VECTOR('',#4370,1.);
#2118=VECTOR('',#4371,1.);
#2119=VECTOR('',#4372,1.);
#2120=VECTOR('',#4373,1.);
#2121=VECTOR('',#4374,1.);
#2122=VECTOR('',#4375,1.);
#2123=VECTOR('',#4376,1.);
#2124=VECTOR('',#4379,1.);
#2125=VECTOR('',#4380,1.);
#2126=VECTOR('',#4383,1.);
#2127=VECTOR('',#4398,1.);
#2128=VECTOR('',#4401,1.);
#2129=VECTOR('',#4406,1.);
#2130=VECTOR('',#4409,1.);
#2131=VECTOR('',#4412,1.);
#2132=VECTOR('',#4415,1.);
#2133=VECTOR('',#4418,1.);
#2134=VECTOR('',#4421,1.);
#2135=VECTOR('',#4424,1.);
#2136=VECTOR('',#4427,1.);
#2137=VECTOR('',#4430,1.);
#2138=VECTOR('',#4433,1.);
#2139=VECTOR('',#4436,1.);
#2140=VECTOR('',#4439,1.);
#2141=VECTOR('',#4442,1.);
#2142=VECTOR('',#4445,1.);
#2143=VECTOR('',#4448,1.);
#2144=VECTOR('',#4449,1.);
#2145=VECTOR('',#4450,1.);
#2146=VECTOR('',#4453,1.);
#2147=VECTOR('',#4454,1.);
#2148=VECTOR('',#4455,1.);
#2149=VECTOR('',#4458,1.);
#2150=VECTOR('',#4459,1.);
#2151=VECTOR('',#4460,1.);
#2152=VECTOR('',#4463,1.);
#2153=VECTOR('',#4464,1.);
#2154=VECTOR('',#4465,1.);
#2155=VECTOR('',#4468,1.);
#2156=VECTOR('',#4469,1.);
#2157=VECTOR('',#4470,1.);
#2158=VECTOR('',#4473,1.);
#2159=VECTOR('',#4474,1.);
#2160=VECTOR('',#4475,1.);
#2161=VECTOR('',#4478,1.);
#2162=VECTOR('',#4479,1.);
#2163=VECTOR('',#4480,1.);
#2164=VECTOR('',#4485,1.);
#2165=VECTOR('',#4486,1.);
#2166=VECTOR('',#4487,1.);
#2167=VECTOR('',#4488,1.);
#2168=VECTOR('',#4489,1.);
#2169=VECTOR('',#4494,1.);
#2170=VECTOR('',#4495,1.);
#2171=VECTOR('',#4496,1.);
#2172=VECTOR('',#4501,1.);
#2173=VECTOR('',#4502,1.);
#2174=VECTOR('',#4507,1.);
#2175=VECTOR('',#4508,1.);
#2176=VECTOR('',#4513,1.);
#2177=VECTOR('',#4514,1.);
#2178=VECTOR('',#4517,1.);
#2179=VECTOR('',#4518,1.);
#2180=VECTOR('',#4525,1.);
#2181=VECTOR('',#4526,1.);
#2182=VECTOR('',#4531,1.);
#2183=VECTOR('',#4532,1.);
#2184=VECTOR('',#4537,1.);
#2185=VECTOR('',#4538,1.);
#2186=VECTOR('',#4543,1.);
#2187=VECTOR('',#4544,1.);
#2188=VECTOR('',#4549,1.);
#2189=VECTOR('',#4550,1.);
#2190=VECTOR('',#4555,1.);
#2191=VECTOR('',#4556,1.);
#2192=VECTOR('',#4559,1.);
#2193=VECTOR('',#4560,1.);
#2194=VECTOR('',#4567,1.);
#2195=VECTOR('',#4568,1.);
#2196=VECTOR('',#4573,1.);
#2197=VECTOR('',#4574,1.);
#2198=VECTOR('',#4577,1.);
#2199=VECTOR('',#4578,1.);
#2200=VECTOR('',#4579,1.);
#2201=VECTOR('',#4580,1.);
#2202=VECTOR('',#4581,1.);
#2203=VECTOR('',#4582,1.);
#2204=VECTOR('',#4585,1.);
#2205=VECTOR('',#4586,1.);
#2206=VECTOR('',#4587,1.);
#2207=VECTOR('',#4588,1.);
#2208=VECTOR('',#4589,1.);
#2209=VECTOR('',#4590,1.);
#2210=VECTOR('',#4591,1.);
#2211=VECTOR('',#4592,1.);
#2212=VECTOR('',#4595,1.);
#2213=VECTOR('',#4596,1.);
#2214=VECTOR('',#4597,1.);
#2215=VECTOR('',#4598,1.);
#2216=VECTOR('',#4599,1.);
#2217=VECTOR('',#4600,1.);
#2218=VECTOR('',#4603,1.);
#2219=VECTOR('',#4604,1.);
#2220=VECTOR('',#4605,1.);
#2221=VECTOR('',#4608,1.);
#2222=VECTOR('',#4611,1.);
#2223=VECTOR('',#4614,1.);
#2224=VECTOR('',#4617,1.);
#2225=VECTOR('',#4620,1.);
#2226=VECTOR('',#4623,1.);
#2227=VECTOR('',#4624,1.);
#2228=VECTOR('',#4627,1.);
#2229=VECTOR('',#4630,1.);
#2230=VECTOR('',#4631,1.);
#2231=VECTOR('',#4634,1.);
#2232=VECTOR('',#4637,1.);
#2233=VECTOR('',#4638,1.);
#2234=VECTOR('',#4641,1.);
#2235=VECTOR('',#4644,1.);
#2236=VECTOR('',#4647,1.);
#2237=VECTOR('',#4650,1.);
#2238=VECTOR('',#4653,1.);
#2239=VECTOR('',#4656,1.);
#2240=VECTOR('',#4659,1.);
#2241=VECTOR('',#4660,1.);
#2242=VECTOR('',#4661,1.);
#2243=VECTOR('',#4664,1.);
#2244=VECTOR('',#4665,1.);
#2245=VECTOR('',#4666,1.);
#2246=VECTOR('',#4669,1.);
#2247=VECTOR('',#4670,1.);
#2248=VECTOR('',#4671,1.);
#2249=VECTOR('',#4674,1.);
#2250=VECTOR('',#4675,1.);
#2251=VECTOR('',#4678,1.);
#2252=VECTOR('',#4679,1.);
#2253=VECTOR('',#4680,1.);
#2254=VECTOR('',#4681,1.);
#2255=VECTOR('',#4682,1.);
#2256=VECTOR('',#4683,1.);
#2257=VECTOR('',#4694,1.);
#2258=VECTOR('',#4695,1.);
#2259=VECTOR('',#4696,1.);
#2260=VECTOR('',#4697,1.);
#2261=VECTOR('',#4698,1.);
#2262=VECTOR('',#4699,1.);
#2263=VECTOR('',#4710,1.);
#2264=VECTOR('',#4711,1.);
#2265=VECTOR('',#4712,1.);
#2266=VECTOR('',#4715,1.);
#2267=VECTOR('',#4716,1.);
#2268=VECTOR('',#4717,1.);
#2269=VECTOR('',#4718,1.);
#2270=VECTOR('',#4719,1.);
#2271=VECTOR('',#4722,1.);
#2272=VECTOR('',#4723,1.);
#2273=VECTOR('',#4726,1.);
#2274=VECTOR('',#4727,1.);
#2275=VECTOR('',#4728,1.);
#2276=VECTOR('',#4731,1.);
#2277=VECTOR('',#4732,1.);
#2278=VECTOR('',#4733,1.);
#2279=VECTOR('',#4736,1.);
#2280=VECTOR('',#4737,1.);
#2281=VECTOR('',#4738,1.);
#2282=VECTOR('',#4741,1.);
#2283=VECTOR('',#4742,1.);
#2284=VECTOR('',#4745,1.);
#2285=VECTOR('',#4746,1.);
#2286=VECTOR('',#4747,1.);
#2287=VECTOR('',#4800,1.);
#2288=VECTOR('',#4803,1.);
#2289=VECTOR('',#4806,1.);
#2290=VECTOR('',#4809,1.);
#2291=VECTOR('',#4814,1.);
#2292=VECTOR('',#4815,1.);
#2293=VECTOR('',#4822,1.);
#2294=VECTOR('',#4825,1.);
#2295=VECTOR('',#4830,1.);
#2296=VECTOR('',#4831,1.);
#2297=VECTOR('',#4840,1.);
#2298=VECTOR('',#4841,1.);
#2299=VECTOR('',#4842,1.);
#2300=VECTOR('',#4843,1.);
#2301=VECTOR('',#4844,1.);
#2302=VECTOR('',#4845,1.);
#2303=VECTOR('',#4846,1.);
#2304=VECTOR('',#4847,1.);
#2305=VECTOR('',#4848,1.);
#2306=VECTOR('',#4849,1.);
#2307=VECTOR('',#4850,1.);
#2308=VECTOR('',#4851,1.);
#2309=VECTOR('',#4852,1.);
#2310=VECTOR('',#4853,1.);
#2311=VECTOR('',#4854,1.);
#2312=VECTOR('',#4855,1.);
#2313=VECTOR('',#4856,1.);
#2314=VECTOR('',#4857,1.);
#2315=VECTOR('',#4860,1.);
#2316=VECTOR('',#4863,1.);
#2317=VECTOR('',#4864,1.);
#2318=VECTOR('',#4865,1.);
#2319=VECTOR('',#4868,1.);
#2320=VECTOR('',#4871,1.);
#2321=VECTOR('',#4888,1.);
#2322=VECTOR('',#4893,1.);
#2323=VECTOR('',#4898,1.);
#2324=EDGE_LOOP('',(#86,#87,#88,#89,#90));
#2325=EDGE_LOOP('',(#91,#92,#93,#94,#95,#96));
#2326=EDGE_LOOP('',(#97,#98,#99,#100,#101,#102));
#2327=EDGE_LOOP('',(#103,#104,#105,#106,#107,#108));
#2328=EDGE_LOOP('',(#109,#110,#111,#112,#113,#114));
#2329=EDGE_LOOP('',(#115,#116,#117,#118,#119,#120));
#2330=EDGE_LOOP('',(#121,#122,#123,#124,#125,#126));
#2331=EDGE_LOOP('',(#127,#128,#129,#130));
#2332=EDGE_LOOP('',(#131,#132,#133,#134,#135,#136,#137,#138));
#2333=EDGE_LOOP('',(#139,#140,#141,#142));
#2334=EDGE_LOOP('',(#143,#144,#145,#146));
#2335=EDGE_LOOP('',(#147,#148,#149,#150,#151,#152,#153,#154));
#2336=EDGE_LOOP('',(#155,#156,#157,#158));
#2337=EDGE_LOOP('',(#159,#160,#161,#162));
#2338=EDGE_LOOP('',(#163,#164,#165,#166,#167,#168,#169,#170));
#2339=EDGE_LOOP('',(#171,#172,#173,#174));
#2340=EDGE_LOOP('',(#175,#176,#177,#178,#179,#180,#181,#182));
#2341=EDGE_LOOP('',(#183,#184,#185,#186));
#2342=EDGE_LOOP('',(#187,#188,#189,#190));
#2343=EDGE_LOOP('',(#191,#192,#193,#194,#195,#196,#197,#198));
#2344=EDGE_LOOP('',(#199,#200,#201,#202));
#2345=EDGE_LOOP('',(#203,#204,#205,#206));
#2346=EDGE_LOOP('',(#207,#208,#209,#210,#211,#212,#213,#214));
#2347=EDGE_LOOP('',(#215,#216,#217,#218));
#2348=EDGE_LOOP('',(#219,#220,#221,#222));
#2349=EDGE_LOOP('',(#223,#224,#225,#226,#227,#228,#229,#230));
#2350=EDGE_LOOP('',(#231,#232,#233,#234));
#2351=EDGE_LOOP('',(#235,#236,#237,#238));
#2352=EDGE_LOOP('',(#239,#240,#241,#242,#243,#244,#245,#246,#247,#248,#249,
#250,#251,#252,#253,#254,#255,#256,#257,#258,#259,#260,#261,#262,#263,#264,
#265,#266,#267,#268,#269,#270,#271,#272,#273,#274,#275,#276,#277,#278));
#2353=EDGE_LOOP('',(#279,#280,#281,#282));
#2354=EDGE_LOOP('',(#283,#284,#285,#286));
#2355=EDGE_LOOP('',(#287,#288,#289,#290));
#2356=EDGE_LOOP('',(#291,#292,#293,#294));
#2357=EDGE_LOOP('',(#295,#296,#297,#298));
#2358=EDGE_LOOP('',(#299,#300,#301,#302));
#2359=EDGE_LOOP('',(#303,#304,#305));
#2360=EDGE_LOOP('',(#306,#307,#308));
#2361=EDGE_LOOP('',(#309,#310,#311,#312));
#2362=EDGE_LOOP('',(#313,#314,#315,#316));
#2363=EDGE_LOOP('',(#317,#318,#319,#320));
#2364=EDGE_LOOP('',(#321,#322,#323,#324));
#2365=EDGE_LOOP('',(#325,#326,#327,#328));
#2366=EDGE_LOOP('',(#329,#330,#331,#332));
#2367=EDGE_LOOP('',(#333,#334,#335,#336));
#2368=EDGE_LOOP('',(#337,#338,#339,#340,#341));
#2369=EDGE_LOOP('',(#342,#343,#344,#345));
#2370=EDGE_LOOP('',(#346,#347,#348,#349));
#2371=EDGE_LOOP('',(#350,#351,#352,#353));
#2372=EDGE_LOOP('',(#354,#355,#356,#357));
#2373=EDGE_LOOP('',(#358,#359,#360,#361));
#2374=EDGE_LOOP('',(#362,#363,#364,#365));
#2375=EDGE_LOOP('',(#366,#367,#368,#369));
#2376=EDGE_LOOP('',(#370,#371,#372,#373));
#2377=EDGE_LOOP('',(#374,#375,#376,#377));
#2378=EDGE_LOOP('',(#378,#379,#380,#381));
#2379=EDGE_LOOP('',(#382,#383,#384,#385));
#2380=EDGE_LOOP('',(#386,#387,#388,#389));
#2381=EDGE_LOOP('',(#390,#391,#392,#393));
#2382=EDGE_LOOP('',(#394,#395,#396,#397));
#2383=EDGE_LOOP('',(#398,#399,#400,#401));
#2384=EDGE_LOOP('',(#402,#403,#404,#405,#406,#407));
#2385=EDGE_LOOP('',(#408,#409,#410,#411,#412,#413));
#2386=EDGE_LOOP('',(#414,#415,#416,#417,#418,#419));
#2387=EDGE_LOOP('',(#420,#421,#422,#423,#424,#425));
#2388=EDGE_LOOP('',(#426,#427,#428,#429,#430,#431));
#2389=EDGE_LOOP('',(#432,#433,#434,#435,#436));
#2390=EDGE_LOOP('',(#437,#438,#439,#440,#441,#442));
#2391=EDGE_LOOP('',(#443,#444,#445,#446,#447,#448,#449,#450));
#2392=EDGE_LOOP('',(#451,#452,#453,#454,#455));
#2393=EDGE_LOOP('',(#456,#457,#458,#459,#460));
#2394=EDGE_LOOP('',(#461,#462,#463,#464,#465));
#2395=EDGE_LOOP('',(#466,#467,#468,#469,#470));
#2396=EDGE_LOOP('',(#471,#472,#473,#474,#475));
#2397=EDGE_LOOP('',(#476,#477,#478,#479,#480));
#2398=EDGE_LOOP('',(#481,#482,#483,#484,#485));
#2399=EDGE_LOOP('',(#486,#487,#488,#489,#490));
#2400=EDGE_LOOP('',(#491,#492,#493,#494,#495));
#2401=EDGE_LOOP('',(#496,#497,#498,#499,#500));
#2402=EDGE_LOOP('',(#501,#502,#503,#504,#505));
#2403=EDGE_LOOP('',(#506,#507,#508,#509,#510));
#2404=EDGE_LOOP('',(#511,#512,#513,#514,#515));
#2405=EDGE_LOOP('',(#516,#517,#518,#519,#520));
#2406=EDGE_LOOP('',(#521,#522,#523,#524,#525,#526));
#2407=EDGE_LOOP('',(#527,#528,#529,#530,#531,#532,#533,#534));
#2408=EDGE_LOOP('',(#535,#536,#537,#538,#539,#540));
#2409=EDGE_LOOP('',(#541,#542,#543,#544));
#2410=EDGE_LOOP('',(#545,#546,#547,#548,#549,#550,#551,#552,#553,#554,#555,
#556,#557,#558,#559,#560,#561,#562));
#2411=EDGE_LOOP('',(#563,#564,#565,#566));
#2412=EDGE_LOOP('',(#567,#568,#569,#570,#571,#572,#573,#574,#575,#576,#577,
#578,#579,#580,#581,#582,#583,#584));
#2413=EDGE_LOOP('',(#585,#586));
#2414=EDGE_LOOP('',(#587,#588,#589,#590));
#2415=EDGE_LOOP('',(#591,#592,#593,#594));
#2416=EDGE_LOOP('',(#595,#596,#597,#598));
#2417=EDGE_LOOP('',(#599,#600,#601,#602));
#2418=EDGE_LOOP('',(#603,#604,#605,#606,#607,#608,#609,#610));
#2419=EDGE_LOOP('',(#611));
#2420=EDGE_LOOP('',(#612));
#2421=EDGE_LOOP('',(#613));
#2422=EDGE_LOOP('',(#614));
#2423=EDGE_LOOP('',(#615,#616,#617,#618,#619,#620,#621,#622,#623,#624,#625,
#626));
#2424=EDGE_LOOP('',(#627));
#2425=EDGE_LOOP('',(#628));
#2426=EDGE_LOOP('',(#629));
#2427=EDGE_LOOP('',(#630));
#2428=EDGE_LOOP('',(#631,#632,#633,#634,#635,#636,#637,#638));
#2429=EDGE_LOOP('',(#639,#640,#641,#642,#643,#644,#645,#646));
#2430=EDGE_LOOP('',(#647,#648,#649,#650));
#2431=EDGE_LOOP('',(#651,#652,#653,#654));
#2432=EDGE_LOOP('',(#655,#656,#657,#658));
#2433=EDGE_LOOP('',(#659,#660,#661,#662));
#2434=EDGE_LOOP('',(#663,#664,#665,#666));
#2435=EDGE_LOOP('',(#667,#668,#669,#670,#671,#672,#673,#674,#675,#676,#677,
#678,#679,#680,#681,#682,#683,#684,#685,#686,#687,#688,#689,#690));
#2436=EDGE_LOOP('',(#691,#692,#693,#694));
#2437=EDGE_LOOP('',(#695));
#2438=EDGE_LOOP('',(#696));
#2439=EDGE_LOOP('',(#697));
#2440=EDGE_LOOP('',(#698));
#2441=EDGE_LOOP('',(#699));
#2442=EDGE_LOOP('',(#700));
#2443=EDGE_LOOP('',(#701));
#2444=EDGE_LOOP('',(#702));
#2445=EDGE_LOOP('',(#703));
#2446=EDGE_LOOP('',(#704));
#2447=EDGE_LOOP('',(#705));
#2448=EDGE_LOOP('',(#706));
#2449=EDGE_LOOP('',(#707));
#2450=EDGE_LOOP('',(#708));
#2451=EDGE_LOOP('',(#709));
#2452=EDGE_LOOP('',(#710));
#2453=EDGE_LOOP('',(#711));
#2454=EDGE_LOOP('',(#712));
#2455=EDGE_LOOP('',(#713));
#2456=EDGE_LOOP('',(#714));
#2457=EDGE_LOOP('',(#715));
#2458=EDGE_LOOP('',(#716));
#2459=EDGE_LOOP('',(#717));
#2460=EDGE_LOOP('',(#718));
#2461=EDGE_LOOP('',(#719,#720));
#2462=EDGE_LOOP('',(#721,#722,#723,#724));
#2463=EDGE_LOOP('',(#725,#726,#727,#728));
#2464=EDGE_LOOP('',(#729,#730,#731,#732));
#2465=EDGE_LOOP('',(#733,#734));
#2466=EDGE_LOOP('',(#735,#736,#737,#738));
#2467=EDGE_LOOP('',(#739,#740,#741,#742));
#2468=EDGE_LOOP('',(#743,#744,#745,#746));
#2469=EDGE_LOOP('',(#747,#748));
#2470=EDGE_LOOP('',(#749,#750,#751,#752));
#2471=EDGE_LOOP('',(#753,#754,#755,#756));
#2472=EDGE_LOOP('',(#757,#758,#759,#760));
#2473=EDGE_LOOP('',(#761,#762,#763,#764));
#2474=EDGE_LOOP('',(#765,#766,#767,#768));
#2475=EDGE_LOOP('',(#769,#770,#771,#772));
#2476=EDGE_LOOP('',(#773,#774,#775,#776,#777,#778,#779,#780,#781,#782,#783,
#784,#785,#786,#787,#788,#789,#790,#791,#792,#793,#794,#795,#796,#797,#798,
#799,#800,#801,#802,#803,#804,#805,#806,#807,#808,#809,#810,#811,#812,#813,
#814,#815,#816));
#2477=EDGE_LOOP('',(#817,#818,#819,#820,#821,#822,#823,#824));
#2478=EDGE_LOOP('',(#825,#826,#827,#828));
#2479=EDGE_LOOP('',(#829,#830,#831,#832));
#2480=EDGE_LOOP('',(#833,#834,#835,#836));
#2481=EDGE_LOOP('',(#837,#838,#839,#840));
#2482=EDGE_LOOP('',(#841,#842,#843,#844));
#2483=EDGE_LOOP('',(#845,#846,#847,#848));
#2484=EDGE_LOOP('',(#849,#850,#851,#852));
#2485=EDGE_LOOP('',(#853,#854,#855,#856));
#2486=EDGE_LOOP('',(#857,#858,#859,#860));
#2487=EDGE_LOOP('',(#861,#862,#863,#864));
#2488=EDGE_LOOP('',(#865,#866,#867,#868));
#2489=EDGE_LOOP('',(#869,#870,#871,#872));
#2490=EDGE_LOOP('',(#873,#874,#875,#876));
#2491=EDGE_LOOP('',(#877,#878,#879,#880,#881));
#2492=EDGE_LOOP('',(#882,#883,#884,#885));
#2493=EDGE_LOOP('',(#886,#887,#888,#889));
#2494=EDGE_LOOP('',(#890,#891,#892,#893));
#2495=EDGE_LOOP('',(#894,#895,#896,#897));
#2496=EDGE_LOOP('',(#898,#899,#900,#901));
#2497=EDGE_LOOP('',(#902,#903,#904,#905));
#2498=EDGE_LOOP('',(#906,#907,#908,#909));
#2499=EDGE_LOOP('',(#910,#911,#912,#913));
#2500=FACE_BOUND('',#2324,.T.);
#2501=FACE_BOUND('',#2325,.T.);
#2502=FACE_BOUND('',#2326,.T.);
#2503=FACE_BOUND('',#2327,.T.);
#2504=FACE_BOUND('',#2328,.T.);
#2505=FACE_BOUND('',#2329,.T.);
#2506=FACE_BOUND('',#2330,.T.);
#2507=FACE_BOUND('',#2331,.T.);
#2508=FACE_BOUND('',#2332,.T.);
#2509=FACE_BOUND('',#2333,.T.);
#2510=FACE_BOUND('',#2334,.T.);
#2511=FACE_BOUND('',#2335,.T.);
#2512=FACE_BOUND('',#2336,.T.);
#2513=FACE_BOUND('',#2337,.T.);
#2514=FACE_BOUND('',#2338,.T.);
#2515=FACE_BOUND('',#2339,.T.);
#2516=FACE_BOUND('',#2340,.T.);
#2517=FACE_BOUND('',#2341,.T.);
#2518=FACE_BOUND('',#2342,.T.);
#2519=FACE_BOUND('',#2343,.T.);
#2520=FACE_BOUND('',#2344,.T.);
#2521=FACE_BOUND('',#2345,.T.);
#2522=FACE_BOUND('',#2346,.T.);
#2523=FACE_BOUND('',#2347,.T.);
#2524=FACE_BOUND('',#2348,.T.);
#2525=FACE_BOUND('',#2349,.T.);
#2526=FACE_BOUND('',#2350,.T.);
#2527=FACE_BOUND('',#2351,.T.);
#2528=FACE_BOUND('',#2352,.T.);
#2529=FACE_BOUND('',#2353,.T.);
#2530=FACE_BOUND('',#2354,.T.);
#2531=FACE_BOUND('',#2355,.T.);
#2532=FACE_BOUND('',#2356,.T.);
#2533=FACE_BOUND('',#2357,.T.);
#2534=FACE_BOUND('',#2358,.T.);
#2535=FACE_BOUND('',#2359,.T.);
#2536=FACE_BOUND('',#2360,.T.);
#2537=FACE_BOUND('',#2361,.T.);
#2538=FACE_BOUND('',#2362,.T.);
#2539=FACE_BOUND('',#2363,.T.);
#2540=FACE_BOUND('',#2364,.T.);
#2541=FACE_BOUND('',#2365,.T.);
#2542=FACE_BOUND('',#2366,.T.);
#2543=FACE_BOUND('',#2367,.T.);
#2544=FACE_BOUND('',#2368,.T.);
#2545=FACE_BOUND('',#2369,.T.);
#2546=FACE_BOUND('',#2370,.T.);
#2547=FACE_BOUND('',#2371,.T.);
#2548=FACE_BOUND('',#2372,.T.);
#2549=FACE_BOUND('',#2373,.T.);
#2550=FACE_BOUND('',#2374,.T.);
#2551=FACE_BOUND('',#2375,.T.);
#2552=FACE_BOUND('',#2376,.T.);
#2553=FACE_BOUND('',#2377,.T.);
#2554=FACE_BOUND('',#2378,.T.);
#2555=FACE_BOUND('',#2379,.T.);
#2556=FACE_BOUND('',#2380,.T.);
#2557=FACE_BOUND('',#2381,.T.);
#2558=FACE_BOUND('',#2382,.T.);
#2559=FACE_BOUND('',#2383,.T.);
#2560=FACE_BOUND('',#2384,.T.);
#2561=FACE_BOUND('',#2385,.T.);
#2562=FACE_BOUND('',#2386,.T.);
#2563=FACE_BOUND('',#2387,.T.);
#2564=FACE_BOUND('',#2388,.T.);
#2565=FACE_BOUND('',#2389,.T.);
#2566=FACE_BOUND('',#2390,.T.);
#2567=FACE_BOUND('',#2391,.T.);
#2568=FACE_BOUND('',#2392,.T.);
#2569=FACE_BOUND('',#2393,.T.);
#2570=FACE_BOUND('',#2394,.T.);
#2571=FACE_BOUND('',#2395,.T.);
#2572=FACE_BOUND('',#2396,.T.);
#2573=FACE_BOUND('',#2397,.T.);
#2574=FACE_BOUND('',#2398,.T.);
#2575=FACE_BOUND('',#2399,.T.);
#2576=FACE_BOUND('',#2400,.T.);
#2577=FACE_BOUND('',#2401,.T.);
#2578=FACE_BOUND('',#2402,.T.);
#2579=FACE_BOUND('',#2403,.T.);
#2580=FACE_BOUND('',#2404,.T.);
#2581=FACE_BOUND('',#2405,.T.);
#2582=FACE_BOUND('',#2406,.T.);
#2583=FACE_BOUND('',#2407,.T.);
#2584=FACE_BOUND('',#2408,.T.);
#2585=FACE_BOUND('',#2409,.T.);
#2586=FACE_BOUND('',#2410,.T.);
#2587=FACE_BOUND('',#2411,.T.);
#2588=FACE_BOUND('',#2412,.T.);
#2589=FACE_BOUND('',#2413,.T.);
#2590=FACE_BOUND('',#2414,.T.);
#2591=FACE_BOUND('',#2415,.T.);
#2592=FACE_BOUND('',#2416,.T.);
#2593=FACE_BOUND('',#2417,.T.);
#2594=FACE_BOUND('',#2418,.T.);
#2595=FACE_BOUND('',#2419,.T.);
#2596=FACE_BOUND('',#2420,.T.);
#2597=FACE_BOUND('',#2421,.T.);
#2598=FACE_BOUND('',#2422,.T.);
#2599=FACE_BOUND('',#2423,.T.);
#2600=FACE_BOUND('',#2424,.T.);
#2601=FACE_BOUND('',#2425,.T.);
#2602=FACE_BOUND('',#2426,.T.);
#2603=FACE_BOUND('',#2427,.T.);
#2604=FACE_BOUND('',#2428,.T.);
#2605=FACE_BOUND('',#2429,.T.);
#2606=FACE_BOUND('',#2430,.T.);
#2607=FACE_BOUND('',#2431,.T.);
#2608=FACE_BOUND('',#2432,.T.);
#2609=FACE_BOUND('',#2433,.T.);
#2610=FACE_BOUND('',#2434,.T.);
#2611=FACE_BOUND('',#2435,.T.);
#2612=FACE_BOUND('',#2436,.T.);
#2613=FACE_BOUND('',#2437,.T.);
#2614=FACE_BOUND('',#2438,.T.);
#2615=FACE_BOUND('',#2439,.T.);
#2616=FACE_BOUND('',#2440,.T.);
#2617=FACE_BOUND('',#2441,.T.);
#2618=FACE_BOUND('',#2442,.T.);
#2619=FACE_BOUND('',#2443,.T.);
#2620=FACE_BOUND('',#2444,.T.);
#2621=FACE_BOUND('',#2445,.T.);
#2622=FACE_BOUND('',#2446,.T.);
#2623=FACE_BOUND('',#2447,.T.);
#2624=FACE_BOUND('',#2448,.T.);
#2625=FACE_BOUND('',#2449,.T.);
#2626=FACE_BOUND('',#2450,.T.);
#2627=FACE_BOUND('',#2451,.T.);
#2628=FACE_BOUND('',#2452,.T.);
#2629=FACE_BOUND('',#2453,.T.);
#2630=FACE_BOUND('',#2454,.T.);
#2631=FACE_BOUND('',#2455,.T.);
#2632=FACE_BOUND('',#2456,.T.);
#2633=FACE_BOUND('',#2457,.T.);
#2634=FACE_BOUND('',#2458,.T.);
#2635=FACE_BOUND('',#2459,.T.);
#2636=FACE_BOUND('',#2460,.T.);
#2637=FACE_BOUND('',#2461,.T.);
#2638=FACE_BOUND('',#2462,.T.);
#2639=FACE_BOUND('',#2463,.T.);
#2640=FACE_BOUND('',#2464,.T.);
#2641=FACE_BOUND('',#2465,.T.);
#2642=FACE_BOUND('',#2466,.T.);
#2643=FACE_BOUND('',#2467,.T.);
#2644=FACE_BOUND('',#2468,.T.);
#2645=FACE_BOUND('',#2469,.T.);
#2646=FACE_BOUND('',#2470,.T.);
#2647=FACE_BOUND('',#2471,.T.);
#2648=FACE_BOUND('',#2472,.T.);
#2649=FACE_BOUND('',#2473,.T.);
#2650=FACE_BOUND('',#2474,.T.);
#2651=FACE_BOUND('',#2475,.T.);
#2652=FACE_BOUND('',#2476,.T.);
#2653=FACE_BOUND('',#2477,.T.);
#2654=FACE_BOUND('',#2478,.T.);
#2655=FACE_BOUND('',#2479,.T.);
#2656=FACE_BOUND('',#2480,.T.);
#2657=FACE_BOUND('',#2481,.T.);
#2658=FACE_BOUND('',#2482,.T.);
#2659=FACE_BOUND('',#2483,.T.);
#2660=FACE_BOUND('',#2484,.T.);
#2661=FACE_BOUND('',#2485,.T.);
#2662=FACE_BOUND('',#2486,.T.);
#2663=FACE_BOUND('',#2487,.T.);
#2664=FACE_BOUND('',#2488,.T.);
#2665=FACE_BOUND('',#2489,.T.);
#2666=FACE_BOUND('',#2490,.T.);
#2667=FACE_BOUND('',#2491,.T.);
#2668=FACE_BOUND('',#2492,.T.);
#2669=FACE_BOUND('',#2493,.T.);
#2670=FACE_BOUND('',#2494,.T.);
#2671=FACE_BOUND('',#2495,.T.);
#2672=FACE_BOUND('',#2496,.T.);
#2673=FACE_BOUND('',#2497,.T.);
#2674=FACE_BOUND('',#2498,.T.);
#2675=FACE_BOUND('',#2499,.T.);
#2676=PLANE('',#3957);
#2677=PLANE('',#3958);
#2678=PLANE('',#3959);
#2679=PLANE('',#3960);
#2680=PLANE('',#3961);
#2681=PLANE('',#3962);
#2682=PLANE('',#3963);
#2683=PLANE('',#3964);
#2684=PLANE('',#3965);
#2685=PLANE('',#3966);
#2686=PLANE('',#3967);
#2687=PLANE('',#3968);
#2688=PLANE('',#3969);
#2689=PLANE('',#3970);
#2690=PLANE('',#3971);
#2691=PLANE('',#3972);
#2692=PLANE('',#3973);
#2693=PLANE('',#3974);
#2694=PLANE('',#3975);
#2695=PLANE('',#3976);
#2696=PLANE('',#3977);
#2697=PLANE('',#3978);
#2698=PLANE('',#3979);
#2699=PLANE('',#3980);
#2700=PLANE('',#3981);
#2701=PLANE('',#3982);
#2702=PLANE('',#3983);
#2703=PLANE('',#3984);
#2704=PLANE('',#3985);
#2705=PLANE('',#3986);
#2706=PLANE('',#3987);
#2707=PLANE('',#3988);
#2708=PLANE('',#3989);
#2709=PLANE('',#3990);
#2710=PLANE('',#3991);
#2711=PLANE('',#3992);
#2712=PLANE('',#3993);
#2713=PLANE('',#3994);
#2714=PLANE('',#3995);
#2715=PLANE('',#3996);
#2716=PLANE('',#3997);
#2717=PLANE('',#3998);
#2718=PLANE('',#3999);
#2719=PLANE('',#4000);
#2720=PLANE('',#4001);
#2721=PLANE('',#4002);
#2722=PLANE('',#4003);
#2723=PLANE('',#4004);
#2724=PLANE('',#4005);
#2725=PLANE('',#4006);
#2726=PLANE('',#4007);
#2727=PLANE('',#4008);
#2728=PLANE('',#4009);
#2729=PLANE('',#4010);
#2730=PLANE('',#4011);
#2731=PLANE('',#4012);
#2732=PLANE('',#4013);
#2733=PLANE('',#4014);
#2734=PLANE('',#4015);
#2735=PLANE('',#4016);
#2736=PLANE('',#4017);
#2737=PLANE('',#4018);
#2738=PLANE('',#4020);
#2739=PLANE('',#4022);
#2740=PLANE('',#4024);
#2741=PLANE('',#4026);
#2742=PLANE('',#4028);
#2743=PLANE('',#4030);
#2744=PLANE('',#4032);
#2745=PLANE('',#4034);
#2746=PLANE('',#4036);
#2747=PLANE('',#4038);
#2748=PLANE('',#4040);
#2749=PLANE('',#4042);
#2750=PLANE('',#4044);
#2751=PLANE('',#4046);
#2752=PLANE('',#4048);
#2753=PLANE('',#4049);
#2754=PLANE('',#4050);
#2755=PLANE('',#4051);
#2756=PLANE('',#4059);
#2757=PLANE('',#4067);
#2758=PLANE('',#4068);
#2759=PLANE('',#4069);
#2760=PLANE('',#4070);
#2761=PLANE('',#4071);
#2762=PLANE('',#4072);
#2763=PLANE('',#4073);
#2764=PLANE('',#4082);
#2765=PLANE('',#4083);
#2766=PLANE('',#4084);
#2767=PLANE('',#4085);
#2768=PLANE('',#4086);
#2769=PLANE('',#4087);
#2770=PLANE('',#4088);
#2771=PLANE('',#4089);
#2772=PLANE('',#4090);
#2773=PLANE('',#4093);
#2774=PLANE('',#4096);
#2775=PLANE('',#4099);
#2776=PLANE('',#4102);
#2777=PLANE('',#4105);
#2778=PLANE('',#4108);
#2779=PLANE('',#4111);
#2780=PLANE('',#4114);
#2781=PLANE('',#4115);
#2782=PLANE('',#4116);
#2783=PLANE('',#4118);
#2784=PLANE('',#4119);
#2785=PLANE('',#4121);
#2786=PLANE('',#4122);
#2787=PLANE('',#4123);
#2788=PLANE('',#4124);
#2789=PLANE('',#4127);
#2790=PLANE('',#4128);
#2791=PLANE('',#4129);
#2792=PLANE('',#4130);
#2793=PLANE('',#4131);
#2794=PLANE('',#4133);
#2795=PLANE('',#4134);
#2796=PLANE('',#4135);
#2797=PLANE('',#4136);
#2798=PLANE('',#4137);
#2799=PLANE('',#4138);
#2800=PLANE('',#4139);
#2801=PLANE('',#4140);
#2802=PLANE('',#4141);
#2803=PLANE('',#4142);
#2804=PLANE('',#4143);
#2805=PLANE('',#4144);
#2806=PLANE('',#4145);
#2807=PLANE('',#4146);
#2808=OVER_RIDING_STYLED_ITEM('',(#3105),#2948,#3103);
#2809=OVER_RIDING_STYLED_ITEM('',(#3106),#2949,#3103);
#2810=OVER_RIDING_STYLED_ITEM('',(#3107),#2950,#3103);
#2811=OVER_RIDING_STYLED_ITEM('',(#3108),#2951,#3103);
#2812=OVER_RIDING_STYLED_ITEM('',(#3109),#2952,#3103);
#2813=OVER_RIDING_STYLED_ITEM('',(#3110),#2953,#3103);
#2814=OVER_RIDING_STYLED_ITEM('',(#3111),#2954,#3103);
#2815=OVER_RIDING_STYLED_ITEM('',(#3112),#2955,#3103);
#2816=OVER_RIDING_STYLED_ITEM('',(#3113),#2956,#3103);
#2817=OVER_RIDING_STYLED_ITEM('',(#3114),#2957,#3103);
#2818=OVER_RIDING_STYLED_ITEM('',(#3115),#2958,#3103);
#2819=OVER_RIDING_STYLED_ITEM('',(#3116),#2959,#3103);
#2820=OVER_RIDING_STYLED_ITEM('',(#3117),#2960,#3103);
#2821=OVER_RIDING_STYLED_ITEM('',(#3118),#2961,#3103);
#2822=OVER_RIDING_STYLED_ITEM('',(#3119),#2962,#3103);
#2823=OVER_RIDING_STYLED_ITEM('',(#3120),#2963,#3103);
#2824=OVER_RIDING_STYLED_ITEM('',(#3121),#2964,#3103);
#2825=OVER_RIDING_STYLED_ITEM('',(#3122),#2965,#3103);
#2826=OVER_RIDING_STYLED_ITEM('',(#3123),#2966,#3103);
#2827=OVER_RIDING_STYLED_ITEM('',(#3124),#2967,#3103);
#2828=OVER_RIDING_STYLED_ITEM('',(#3125),#2968,#3103);
#2829=OVER_RIDING_STYLED_ITEM('',(#3126),#2969,#3103);
#2830=OVER_RIDING_STYLED_ITEM('',(#3127),#2970,#3103);
#2831=OVER_RIDING_STYLED_ITEM('',(#3128),#2971,#3103);
#2832=OVER_RIDING_STYLED_ITEM('',(#3129),#2972,#3103);
#2833=OVER_RIDING_STYLED_ITEM('',(#3130),#2973,#3103);
#2834=OVER_RIDING_STYLED_ITEM('',(#3131),#2974,#3103);
#2835=OVER_RIDING_STYLED_ITEM('',(#3132),#2975,#3103);
#2836=OVER_RIDING_STYLED_ITEM('',(#3133),#2976,#3103);
#2837=OVER_RIDING_STYLED_ITEM('',(#3134),#2977,#3103);
#2838=OVER_RIDING_STYLED_ITEM('',(#3135),#2978,#3103);
#2839=OVER_RIDING_STYLED_ITEM('',(#3136),#2979,#3103);
#2840=OVER_RIDING_STYLED_ITEM('',(#3137),#2980,#3103);
#2841=OVER_RIDING_STYLED_ITEM('',(#3138),#2981,#3103);
#2842=OVER_RIDING_STYLED_ITEM('',(#3139),#2982,#3103);
#2843=OVER_RIDING_STYLED_ITEM('',(#3140),#2983,#3103);
#2844=OVER_RIDING_STYLED_ITEM('',(#3141),#2984,#3103);
#2845=OVER_RIDING_STYLED_ITEM('',(#3142),#2985,#3103);
#2846=OVER_RIDING_STYLED_ITEM('',(#3143),#2986,#3103);
#2847=OVER_RIDING_STYLED_ITEM('',(#3144),#2987,#3103);
#2848=OVER_RIDING_STYLED_ITEM('',(#3145),#3002,#3103);
#2849=OVER_RIDING_STYLED_ITEM('',(#3146),#3003,#3103);
#2850=OVER_RIDING_STYLED_ITEM('',(#3147),#3004,#3103);
#2851=OVER_RIDING_STYLED_ITEM('',(#3148),#3005,#3103);
#2852=OVER_RIDING_STYLED_ITEM('',(#3149),#3006,#3103);
#2853=OVER_RIDING_STYLED_ITEM('',(#3150),#3007,#3103);
#2854=OVER_RIDING_STYLED_ITEM('',(#3151),#3008,#3103);
#2855=OVER_RIDING_STYLED_ITEM('',(#3152),#3009,#3103);
#2856=OVER_RIDING_STYLED_ITEM('',(#3153),#3010,#3103);
#2857=OVER_RIDING_STYLED_ITEM('',(#3154),#3011,#3103);
#2858=OVER_RIDING_STYLED_ITEM('',(#3155),#3012,#3103);
#2859=OVER_RIDING_STYLED_ITEM('',(#3156),#3013,#3103);
#2860=OVER_RIDING_STYLED_ITEM('',(#3157),#3014,#3103);
#2861=OVER_RIDING_STYLED_ITEM('',(#3158),#3015,#3103);
#2862=OVER_RIDING_STYLED_ITEM('',(#3159),#3016,#3103);
#2863=OVER_RIDING_STYLED_ITEM('',(#3160),#3017,#3103);
#2864=OVER_RIDING_STYLED_ITEM('',(#3161),#3018,#3103);
#2865=OVER_RIDING_STYLED_ITEM('',(#3162),#3019,#3103);
#2866=OVER_RIDING_STYLED_ITEM('',(#3163),#3020,#3103);
#2867=OVER_RIDING_STYLED_ITEM('',(#3164),#3021,#3103);
#2868=OVER_RIDING_STYLED_ITEM('',(#3165),#3022,#3103);
#2869=OVER_RIDING_STYLED_ITEM('',(#3166),#3023,#3103);
#2870=OVER_RIDING_STYLED_ITEM('',(#3167),#3024,#3103);
#2871=OVER_RIDING_STYLED_ITEM('',(#3168),#3025,#3103);
#2872=OVER_RIDING_STYLED_ITEM('',(#3169),#3026,#3103);
#2873=OVER_RIDING_STYLED_ITEM('',(#3170),#3027,#3103);
#2874=OVER_RIDING_STYLED_ITEM('',(#3171),#3028,#3103);
#2875=OVER_RIDING_STYLED_ITEM('',(#3172),#3029,#3103);
#2876=OVER_RIDING_STYLED_ITEM('',(#3173),#3030,#3103);
#2877=OVER_RIDING_STYLED_ITEM('',(#3174),#3031,#3103);
#2878=OVER_RIDING_STYLED_ITEM('',(#3175),#3032,#3103);
#2879=OVER_RIDING_STYLED_ITEM('',(#3176),#3033,#3103);
#2880=OVER_RIDING_STYLED_ITEM('',(#3177),#3034,#3103);
#2881=OVER_RIDING_STYLED_ITEM('',(#3178),#3035,#3103);
#2882=OVER_RIDING_STYLED_ITEM('',(#3179),#3036,#3103);
#2883=OVER_RIDING_STYLED_ITEM('',(#3180),#3037,#3103);
#2884=OVER_RIDING_STYLED_ITEM('',(#3181),#3038,#3103);
#2885=OVER_RIDING_STYLED_ITEM('',(#3182),#3039,#3103);
#2886=OVER_RIDING_STYLED_ITEM('',(#3183),#3040,#3103);
#2887=OVER_RIDING_STYLED_ITEM('',(#3184),#3041,#3103);
#2888=OVER_RIDING_STYLED_ITEM('',(#3185),#3042,#3103);
#2889=OVER_RIDING_STYLED_ITEM('',(#3186),#3043,#3103);
#2890=OVER_RIDING_STYLED_ITEM('',(#3187),#3044,#3103);
#2891=OVER_RIDING_STYLED_ITEM('',(#3188),#3045,#3103);
#2892=OVER_RIDING_STYLED_ITEM('',(#3189),#3046,#3103);
#2893=OVER_RIDING_STYLED_ITEM('',(#3190),#3047,#3103);
#2894=OVER_RIDING_STYLED_ITEM('',(#3191),#3048,#3103);
#2895=OVER_RIDING_STYLED_ITEM('',(#3192),#3049,#3103);
#2896=OVER_RIDING_STYLED_ITEM('',(#3193),#3050,#3103);
#2897=OVER_RIDING_STYLED_ITEM('',(#3194),#3051,#3103);
#2898=OVER_RIDING_STYLED_ITEM('',(#3195),#3052,#3103);
#2899=OVER_RIDING_STYLED_ITEM('',(#3196),#3053,#3103);
#2900=OVER_RIDING_STYLED_ITEM('',(#3197),#3054,#3103);
#2901=OVER_RIDING_STYLED_ITEM('',(#3198),#3055,#3103);
#2902=OVER_RIDING_STYLED_ITEM('',(#3199),#3056,#3103);
#2903=OVER_RIDING_STYLED_ITEM('',(#3200),#3057,#3103);
#2904=OVER_RIDING_STYLED_ITEM('',(#3201),#3058,#3103);
#2905=OVER_RIDING_STYLED_ITEM('',(#3202),#3059,#3103);
#2906=OVER_RIDING_STYLED_ITEM('',(#3203),#3060,#3103);
#2907=OVER_RIDING_STYLED_ITEM('',(#3204),#3061,#3103);
#2908=OVER_RIDING_STYLED_ITEM('',(#3205),#3062,#3103);
#2909=OVER_RIDING_STYLED_ITEM('',(#3206),#3063,#3103);
#2910=OVER_RIDING_STYLED_ITEM('',(#3207),#3064,#3103);
#2911=OVER_RIDING_STYLED_ITEM('',(#3208),#3065,#3103);
#2912=OVER_RIDING_STYLED_ITEM('',(#3209),#3066,#3103);
#2913=OVER_RIDING_STYLED_ITEM('',(#3210),#3067,#3103);
#2914=OVER_RIDING_STYLED_ITEM('',(#3211),#3068,#3103);
#2915=OVER_RIDING_STYLED_ITEM('',(#3212),#3069,#3103);
#2916=OVER_RIDING_STYLED_ITEM('',(#3213),#3070,#3103);
#2917=OVER_RIDING_STYLED_ITEM('',(#3214),#3071,#3103);
#2918=OVER_RIDING_STYLED_ITEM('',(#3215),#3072,#3103);
#2919=OVER_RIDING_STYLED_ITEM('',(#3216),#3073,#3103);
#2920=OVER_RIDING_STYLED_ITEM('',(#3217),#3074,#3103);
#2921=OVER_RIDING_STYLED_ITEM('',(#3218),#3075,#3103);
#2922=OVER_RIDING_STYLED_ITEM('',(#3219),#3076,#3103);
#2923=OVER_RIDING_STYLED_ITEM('',(#3220),#3077,#3103);
#2924=OVER_RIDING_STYLED_ITEM('',(#3221),#3078,#3103);
#2925=OVER_RIDING_STYLED_ITEM('',(#3222),#3079,#3103);
#2926=OVER_RIDING_STYLED_ITEM('',(#3223),#3080,#3103);
#2927=OVER_RIDING_STYLED_ITEM('',(#3224),#3081,#3103);
#2928=OVER_RIDING_STYLED_ITEM('',(#3225),#3082,#3103);
#2929=OVER_RIDING_STYLED_ITEM('',(#3226),#3083,#3103);
#2930=OVER_RIDING_STYLED_ITEM('',(#3227),#3084,#3103);
#2931=OVER_RIDING_STYLED_ITEM('',(#3228),#3085,#3103);
#2932=OVER_RIDING_STYLED_ITEM('',(#3229),#3086,#3103);
#2933=OVER_RIDING_STYLED_ITEM('',(#3230),#3087,#3103);
#2934=OVER_RIDING_STYLED_ITEM('',(#3231),#3088,#3103);
#2935=OVER_RIDING_STYLED_ITEM('',(#3232),#3089,#3103);
#2936=OVER_RIDING_STYLED_ITEM('',(#3233),#3090,#3103);
#2937=OVER_RIDING_STYLED_ITEM('',(#3234),#3091,#3103);
#2938=OVER_RIDING_STYLED_ITEM('',(#3235),#3092,#3103);
#2939=OVER_RIDING_STYLED_ITEM('',(#3236),#3093,#3103);
#2940=OVER_RIDING_STYLED_ITEM('',(#3237),#3094,#3103);
#2941=OVER_RIDING_STYLED_ITEM('',(#3238),#3095,#3103);
#2942=OVER_RIDING_STYLED_ITEM('',(#3239),#3096,#3103);
#2943=OVER_RIDING_STYLED_ITEM('',(#3240),#3097,#3103);
#2944=OVER_RIDING_STYLED_ITEM('',(#3241),#3098,#3103);
#2945=OVER_RIDING_STYLED_ITEM('',(#3242),#3099,#3103);
#2946=OVER_RIDING_STYLED_ITEM('',(#3243),#3100,#3103);
#2947=OVER_RIDING_STYLED_ITEM('',(#3244),#3101,#3103);
#2948=ADVANCED_FACE('Face appearance 6',(#2500),#2676,.T.);
#2949=ADVANCED_FACE('Face appearance 6',(#2501),#2677,.T.);
#2950=ADVANCED_FACE('Face appearance 6',(#2502),#2678,.T.);
#2951=ADVANCED_FACE('Face appearance 6',(#2503),#2679,.T.);
#2952=ADVANCED_FACE('Face appearance 6',(#2504),#2680,.T.);
#2953=ADVANCED_FACE('Face appearance 6',(#2505),#2681,.T.);
#2954=ADVANCED_FACE('Face appearance 6',(#2506),#2682,.T.);
#2955=ADVANCED_FACE('Face appearance 2',(#2507),#2683,.T.);
#2956=ADVANCED_FACE('Face appearance 2',(#2508),#2684,.F.);
#2957=ADVANCED_FACE('Face appearance 2',(#2509),#2685,.T.);
#2958=ADVANCED_FACE('Face appearance 2',(#2510),#2686,.T.);
#2959=ADVANCED_FACE('Face appearance 2',(#2511),#2687,.F.);
#2960=ADVANCED_FACE('Face appearance 2',(#2512),#2688,.F.);
#2961=ADVANCED_FACE('Face appearance 2',(#2513),#2689,.T.);
#2962=ADVANCED_FACE('Face appearance 2',(#2514),#2690,.F.);
#2963=ADVANCED_FACE('Face appearance 2',(#2515),#2691,.T.);
#2964=ADVANCED_FACE('Face appearance 2',(#2516),#2692,.F.);
#2965=ADVANCED_FACE('Face appearance 2',(#2517),#2693,.T.);
#2966=ADVANCED_FACE('Face appearance 2',(#2518),#2694,.T.);
#2967=ADVANCED_FACE('Face appearance 2',(#2519),#2695,.F.);
#2968=ADVANCED_FACE('Face appearance 2',(#2520),#2696,.T.);
#2969=ADVANCED_FACE('Face appearance 2',(#2521),#2697,.T.);
#2970=ADVANCED_FACE('Face appearance 2',(#2522),#2698,.F.);
#2971=ADVANCED_FACE('Face appearance 2',(#2523),#2699,.F.);
#2972=ADVANCED_FACE('Face appearance 2',(#2524),#2700,.T.);
#2973=ADVANCED_FACE('Face appearance 2',(#2525),#2701,.F.);
#2974=ADVANCED_FACE('Face appearance 2',(#2526),#2702,.T.);
#2975=ADVANCED_FACE('Face appearance 2',(#2527),#2703,.T.);
#2976=ADVANCED_FACE('Face appearance 2',(#2528,#2529,#2530,#2531,#2532,
#2533,#2534),#2704,.T.);
#2977=ADVANCED_FACE('Face appearance 2',(#2535),#2705,.F.);
#2978=ADVANCED_FACE('Face appearance 2',(#2536),#2706,.T.);
#2979=ADVANCED_FACE('Face appearance 6',(#2537),#2707,.T.);
#2980=ADVANCED_FACE('Face appearance 6',(#2538),#2708,.T.);
#2981=ADVANCED_FACE('Face appearance 6',(#2539),#2709,.T.);
#2982=ADVANCED_FACE('Face appearance 6',(#2540),#2710,.T.);
#2983=ADVANCED_FACE('Face appearance 6',(#2541),#2711,.T.);
#2984=ADVANCED_FACE('Face appearance 6',(#2542),#2712,.T.);
#2985=ADVANCED_FACE('Face appearance 6',(#2543),#2713,.T.);
#2986=ADVANCED_FACE('Face appearance 6',(#2544),#2714,.T.);
#2987=ADVANCED_FACE('Face appearance 6',(#2545),#2715,.T.);
#2988=ADVANCED_FACE('',(#2546),#2716,.F.);
#2989=ADVANCED_FACE('',(#2547),#2717,.T.);
#2990=ADVANCED_FACE('',(#2548),#2718,.F.);
#2991=ADVANCED_FACE('',(#2549),#2719,.T.);
#2992=ADVANCED_FACE('',(#2550),#2720,.F.);
#2993=ADVANCED_FACE('',(#2551),#2721,.T.);
#2994=ADVANCED_FACE('',(#2552),#2722,.F.);
#2995=ADVANCED_FACE('',(#2553),#2723,.T.);
#2996=ADVANCED_FACE('',(#2554),#2724,.F.);
#2997=ADVANCED_FACE('',(#2555),#2725,.T.);
#2998=ADVANCED_FACE('',(#2556),#2726,.F.);
#2999=ADVANCED_FACE('',(#2557),#2727,.T.);
#3000=ADVANCED_FACE('',(#2558),#2728,.F.);
#3001=ADVANCED_FACE('',(#2559),#2729,.T.);
#3002=ADVANCED_FACE('Face appearance 6',(#2560),#2730,.F.);
#3003=ADVANCED_FACE('Face appearance 6',(#2561),#2731,.F.);
#3004=ADVANCED_FACE('Face appearance 6',(#2562),#2732,.F.);
#3005=ADVANCED_FACE('Face appearance 6',(#2563),#2733,.F.);
#3006=ADVANCED_FACE('Face appearance 6',(#2564),#2734,.F.);
#3007=ADVANCED_FACE('Face appearance 6',(#2565),#2735,.F.);
#3008=ADVANCED_FACE('Face appearance 6',(#2566),#2736,.F.);
#3009=ADVANCED_FACE('Face appearance 2',(#2567),#2737,.F.);
#3010=ADVANCED_FACE('Face appearance 2',(#2568),#2738,.T.);
#3011=ADVANCED_FACE('Face appearance 2',(#2569),#2739,.T.);
#3012=ADVANCED_FACE('Face appearance 2',(#2570),#2740,.T.);
#3013=ADVANCED_FACE('Face appearance 2',(#2571),#2741,.T.);
#3014=ADVANCED_FACE('Face appearance 2',(#2572),#2742,.F.);
#3015=ADVANCED_FACE('Face appearance 2',(#2573),#2743,.T.);
#3016=ADVANCED_FACE('Face appearance 2',(#2574),#2744,.T.);
#3017=ADVANCED_FACE('Face appearance 2',(#2575),#2745,.T.);
#3018=ADVANCED_FACE('Face appearance 2',(#2576),#2746,.T.);
#3019=ADVANCED_FACE('Face appearance 2',(#2577),#2747,.T.);
#3020=ADVANCED_FACE('Face appearance 2',(#2578),#2748,.T.);
#3021=ADVANCED_FACE('Face appearance 2',(#2579),#2749,.F.);
#3022=ADVANCED_FACE('Face appearance 2',(#2580),#2750,.T.);
#3023=ADVANCED_FACE('Face appearance 2',(#2581),#2751,.T.);
#3024=ADVANCED_FACE('Face appearance 2',(#2582),#2752,.F.);
#3025=ADVANCED_FACE('Face appearance 2',(#2583),#2753,.T.);
#3026=ADVANCED_FACE('Face appearance 2',(#2584),#2754,.T.);
#3027=ADVANCED_FACE('Face appearance 2',(#2585),#2755,.F.);
#3028=ADVANCED_FACE('Face appearance 2',(#2586),#22,.T.);
#3029=ADVANCED_FACE('Face appearance 2',(#2587),#2756,.T.);
#3030=ADVANCED_FACE('Face appearance 2',(#2588),#23,.T.);
#3031=ADVANCED_FACE('Face appearance 2',(#2589),#2757,.T.);
#3032=ADVANCED_FACE('Face appearance 2',(#2590),#2758,.F.);
#3033=ADVANCED_FACE('Face appearance 2',(#2591),#2759,.F.);
#3034=ADVANCED_FACE('Face appearance 2',(#2592),#2760,.F.);
#3035=ADVANCED_FACE('Face appearance 2',(#2593),#2761,.F.);
#3036=ADVANCED_FACE('Face appearance 2',(#2594),#2762,.F.);
#3037=ADVANCED_FACE('Face appearance 2',(#2595,#2596,#2597,#2598,#2599,
#2600,#2601,#2602,#2603),#2763,.T.);
#3038=ADVANCED_FACE('Face appearance 2',(#2604),#2764,.T.);
#3039=ADVANCED_FACE('Face appearance 2',(#2605),#2765,.F.);
#3040=ADVANCED_FACE('Face appearance 2',(#2606),#2766,.T.);
#3041=ADVANCED_FACE('Face appearance 2',(#2607),#2767,.T.);
#3042=ADVANCED_FACE('Face appearance 2',(#2608),#2768,.T.);
#3043=ADVANCED_FACE('Face appearance 2',(#2609),#2769,.T.);
#3044=ADVANCED_FACE('Face appearance 2',(#2610),#2770,.T.);
#3045=ADVANCED_FACE('Face appearance 2',(#2611),#2771,.T.);
#3046=ADVANCED_FACE('Face appearance 2',(#2612),#2772,.F.);
#3047=ADVANCED_FACE('Face appearance 5',(#2613,#2614),#24,.T.);
#3048=ADVANCED_FACE('Face appearance 5',(#2615),#2773,.T.);
#3049=ADVANCED_FACE('Face appearance 5',(#2616,#2617),#25,.T.);
#3050=ADVANCED_FACE('Face appearance 5',(#2618),#2774,.T.);
#3051=ADVANCED_FACE('Face appearance 5',(#2619,#2620),#26,.T.);
#3052=ADVANCED_FACE('Face appearance 5',(#2621),#2775,.T.);
#3053=ADVANCED_FACE('Face appearance 5',(#2622,#2623),#27,.T.);
#3054=ADVANCED_FACE('Face appearance 5',(#2624),#2776,.T.);
#3055=ADVANCED_FACE('Face appearance 5',(#2625,#2626),#28,.T.);
#3056=ADVANCED_FACE('Face appearance 5',(#2627),#2777,.T.);
#3057=ADVANCED_FACE('Face appearance 5',(#2628,#2629),#29,.T.);
#3058=ADVANCED_FACE('Face appearance 5',(#2630),#2778,.T.);
#3059=ADVANCED_FACE('Face appearance 5',(#2631,#2632),#30,.T.);
#3060=ADVANCED_FACE('Face appearance 5',(#2633),#2779,.T.);
#3061=ADVANCED_FACE('Face appearance 5',(#2634,#2635),#31,.T.);
#3062=ADVANCED_FACE('Face appearance 5',(#2636),#2780,.T.);
#3063=ADVANCED_FACE('Face appearance 2',(#2637),#2781,.T.);
#3064=ADVANCED_FACE('Face appearance 2',(#2638),#2782,.T.);
#3065=ADVANCED_FACE('Face appearance 2',(#2639),#32,.F.);
#3066=ADVANCED_FACE('Face appearance 2',(#2640),#2783,.T.);
#3067=ADVANCED_FACE('Face appearance 2',(#2641),#2784,.F.);
#3068=ADVANCED_FACE('Face appearance 2',(#2642),#33,.F.);
#3069=ADVANCED_FACE('Face appearance 2',(#2643),#2785,.T.);
#3070=ADVANCED_FACE('Face appearance 2',(#2644),#2786,.F.);
#3071=ADVANCED_FACE('Face appearance 2',(#2645),#2787,.T.);
#3072=ADVANCED_FACE('Face appearance 2',(#2646),#2788,.T.);
#3073=ADVANCED_FACE('Face appearance 2',(#2647),#34,.F.);
#3074=ADVANCED_FACE('Face appearance 2',(#2648),#35,.F.);
#3075=ADVANCED_FACE('Face appearance 2',(#2649),#2789,.T.);
#3076=ADVANCED_FACE('Face appearance 2',(#2650),#2790,.F.);
#3077=ADVANCED_FACE('Face appearance 2',(#2651),#2791,.F.);
#3078=ADVANCED_FACE('Face appearance 2',(#2652),#2792,.T.);
#3079=ADVANCED_FACE('Face appearance 2',(#2653),#2793,.T.);
#3080=ADVANCED_FACE('Face appearance 2',(#2654),#2794,.T.);
#3081=ADVANCED_FACE('Face appearance 2',(#2655),#2795,.T.);
#3082=ADVANCED_FACE('Face appearance 2',(#2656),#2796,.T.);
#3083=ADVANCED_FACE('Face appearance 2',(#2657),#2797,.T.);
#3084=ADVANCED_FACE('Face appearance 2',(#2658),#2798,.T.);
#3085=ADVANCED_FACE('Face appearance 2',(#2659),#2799,.T.);
#3086=ADVANCED_FACE('Face appearance 2',(#2660),#2800,.T.);
#3087=ADVANCED_FACE('Face appearance 2',(#2661),#2801,.T.);
#3088=ADVANCED_FACE('Face appearance 2',(#2662),#2802,.T.);
#3089=ADVANCED_FACE('Face appearance 2',(#2663),#2803,.F.);
#3090=ADVANCED_FACE('Face appearance 2',(#2664),#2804,.T.);
#3091=ADVANCED_FACE('Face appearance 2',(#2665),#2805,.F.);
#3092=ADVANCED_FACE('Face appearance 2',(#2666),#2806,.T.);
#3093=ADVANCED_FACE('Face appearance 6',(#2667),#2807,.F.);
#3094=ADVANCED_FACE('Face appearance 6',(#2668),#36,.T.);
#3095=ADVANCED_FACE('Face appearance 6',(#2669),#37,.T.);
#3096=ADVANCED_FACE('Face appearance 6',(#2670),#38,.T.);
#3097=ADVANCED_FACE('Face appearance 6',(#2671),#39,.T.);
#3098=ADVANCED_FACE('Face appearance 6',(#2672),#40,.T.);
#3099=ADVANCED_FACE('Face appearance 6',(#2673),#41,.T.);
#3100=ADVANCED_FACE('Face appearance 6',(#2674),#42,.T.);
#3101=ADVANCED_FACE('Face appearance 6',(#2675),#43,.T.);
#3102=CLOSED_SHELL('',(#2948,#2949,#2950,#2951,#2952,#2953,#2954,#2955,
#2956,#2957,#2958,#2959,#2960,#2961,#2962,#2963,#2964,#2965,#2966,#2967,
#2968,#2969,#2970,#2971,#2972,#2973,#2974,#2975,#2976,#2977,#2978,#2979,
#2980,#2981,#2982,#2983,#2984,#2985,#2986,#2987,#2988,#2989,#2990,#2991,
#2992,#2993,#2994,#2995,#2996,#2997,#2998,#2999,#3000,#3001,#3002,#3003,
#3004,#3005,#3006,#3007,#3008,#3009,#3010,#3011,#3012,#3013,#3014,#3015,
#3016,#3017,#3018,#3019,#3020,#3021,#3022,#3023,#3024,#3025,#3026,#3027,
#3028,#3029,#3030,#3031,#3032,#3033,#3034,#3035,#3036,#3037,#3038,#3039,
#3040,#3041,#3042,#3043,#3044,#3045,#3046,#3047,#3048,#3049,#3050,#3051,
#3052,#3053,#3054,#3055,#3056,#3057,#3058,#3059,#3060,#3061,#3062,#3063,
#3064,#3065,#3066,#3067,#3068,#3069,#3070,#3071,#3072,#3073,#3074,#3075,
#3076,#3077,#3078,#3079,#3080,#3081,#3082,#3083,#3084,#3085,#3086,#3087,
#3088,#3089,#3090,#3091,#3092,#3093,#3094,#3095,#3096,#3097,#3098,#3099,
#3100,#3101));
#3103=STYLED_ITEM('',(#3104),#3953);
#3104=PRESENTATION_STYLE_ASSIGNMENT((#3245));
#3105=PRESENTATION_STYLE_ASSIGNMENT((#3246));
#3106=PRESENTATION_STYLE_ASSIGNMENT((#3247));
#3107=PRESENTATION_STYLE_ASSIGNMENT((#3248));
#3108=PRESENTATION_STYLE_ASSIGNMENT((#3249));
#3109=PRESENTATION_STYLE_ASSIGNMENT((#3250));
#3110=PRESENTATION_STYLE_ASSIGNMENT((#3251));
#3111=PRESENTATION_STYLE_ASSIGNMENT((#3252));
#3112=PRESENTATION_STYLE_ASSIGNMENT((#3253));
#3113=PRESENTATION_STYLE_ASSIGNMENT((#3254));
#3114=PRESENTATION_STYLE_ASSIGNMENT((#3255));
#3115=PRESENTATION_STYLE_ASSIGNMENT((#3256));
#3116=PRESENTATION_STYLE_ASSIGNMENT((#3257));
#3117=PRESENTATION_STYLE_ASSIGNMENT((#3258));
#3118=PRESENTATION_STYLE_ASSIGNMENT((#3259));
#3119=PRESENTATION_STYLE_ASSIGNMENT((#3260));
#3120=PRESENTATION_STYLE_ASSIGNMENT((#3261));
#3121=PRESENTATION_STYLE_ASSIGNMENT((#3262));
#3122=PRESENTATION_STYLE_ASSIGNMENT((#3263));
#3123=PRESENTATION_STYLE_ASSIGNMENT((#3264));
#3124=PRESENTATION_STYLE_ASSIGNMENT((#3265));
#3125=PRESENTATION_STYLE_ASSIGNMENT((#3266));
#3126=PRESENTATION_STYLE_ASSIGNMENT((#3267));
#3127=PRESENTATION_STYLE_ASSIGNMENT((#3268));
#3128=PRESENTATION_STYLE_ASSIGNMENT((#3269));
#3129=PRESENTATION_STYLE_ASSIGNMENT((#3270));
#3130=PRESENTATION_STYLE_ASSIGNMENT((#3271));
#3131=PRESENTATION_STYLE_ASSIGNMENT((#3272));
#3132=PRESENTATION_STYLE_ASSIGNMENT((#3273));
#3133=PRESENTATION_STYLE_ASSIGNMENT((#3274));
#3134=PRESENTATION_STYLE_ASSIGNMENT((#3275));
#3135=PRESENTATION_STYLE_ASSIGNMENT((#3276));
#3136=PRESENTATION_STYLE_ASSIGNMENT((#3277));
#3137=PRESENTATION_STYLE_ASSIGNMENT((#3278));
#3138=PRESENTATION_STYLE_ASSIGNMENT((#3279));
#3139=PRESENTATION_STYLE_ASSIGNMENT((#3280));
#3140=PRESENTATION_STYLE_ASSIGNMENT((#3281));
#3141=PRESENTATION_STYLE_ASSIGNMENT((#3282));
#3142=PRESENTATION_STYLE_ASSIGNMENT((#3283));
#3143=PRESENTATION_STYLE_ASSIGNMENT((#3284));
#3144=PRESENTATION_STYLE_ASSIGNMENT((#3285));
#3145=PRESENTATION_STYLE_ASSIGNMENT((#3286));
#3146=PRESENTATION_STYLE_ASSIGNMENT((#3287));
#3147=PRESENTATION_STYLE_ASSIGNMENT((#3288));
#3148=PRESENTATION_STYLE_ASSIGNMENT((#3289));
#3149=PRESENTATION_STYLE_ASSIGNMENT((#3290));
#3150=PRESENTATION_STYLE_ASSIGNMENT((#3291));
#3151=PRESENTATION_STYLE_ASSIGNMENT((#3292));
#3152=PRESENTATION_STYLE_ASSIGNMENT((#3293));
#3153=PRESENTATION_STYLE_ASSIGNMENT((#3294));
#3154=PRESENTATION_STYLE_ASSIGNMENT((#3295));
#3155=PRESENTATION_STYLE_ASSIGNMENT((#3296));
#3156=PRESENTATION_STYLE_ASSIGNMENT((#3297));
#3157=PRESENTATION_STYLE_ASSIGNMENT((#3298));
#3158=PRESENTATION_STYLE_ASSIGNMENT((#3299));
#3159=PRESENTATION_STYLE_ASSIGNMENT((#3300));
#3160=PRESENTATION_STYLE_ASSIGNMENT((#3301));
#3161=PRESENTATION_STYLE_ASSIGNMENT((#3302));
#3162=PRESENTATION_STYLE_ASSIGNMENT((#3303));
#3163=PRESENTATION_STYLE_ASSIGNMENT((#3304));
#3164=PRESENTATION_STYLE_ASSIGNMENT((#3305));
#3165=PRESENTATION_STYLE_ASSIGNMENT((#3306));
#3166=PRESENTATION_STYLE_ASSIGNMENT((#3307));
#3167=PRESENTATION_STYLE_ASSIGNMENT((#3308));
#3168=PRESENTATION_STYLE_ASSIGNMENT((#3309));
#3169=PRESENTATION_STYLE_ASSIGNMENT((#3310));
#3170=PRESENTATION_STYLE_ASSIGNMENT((#3311));
#3171=PRESENTATION_STYLE_ASSIGNMENT((#3312));
#3172=PRESENTATION_STYLE_ASSIGNMENT((#3313));
#3173=PRESENTATION_STYLE_ASSIGNMENT((#3314));
#3174=PRESENTATION_STYLE_ASSIGNMENT((#3315));
#3175=PRESENTATION_STYLE_ASSIGNMENT((#3316));
#3176=PRESENTATION_STYLE_ASSIGNMENT((#3317));
#3177=PRESENTATION_STYLE_ASSIGNMENT((#3318));
#3178=PRESENTATION_STYLE_ASSIGNMENT((#3319));
#3179=PRESENTATION_STYLE_ASSIGNMENT((#3320));
#3180=PRESENTATION_STYLE_ASSIGNMENT((#3321));
#3181=PRESENTATION_STYLE_ASSIGNMENT((#3322));
#3182=PRESENTATION_STYLE_ASSIGNMENT((#3323));
#3183=PRESENTATION_STYLE_ASSIGNMENT((#3324));
#3184=PRESENTATION_STYLE_ASSIGNMENT((#3325));
#3185=PRESENTATION_STYLE_ASSIGNMENT((#3326));
#3186=PRESENTATION_STYLE_ASSIGNMENT((#3327));
#3187=PRESENTATION_STYLE_ASSIGNMENT((#3328));
#3188=PRESENTATION_STYLE_ASSIGNMENT((#3329));
#3189=PRESENTATION_STYLE_ASSIGNMENT((#3330));
#3190=PRESENTATION_STYLE_ASSIGNMENT((#3331));
#3191=PRESENTATION_STYLE_ASSIGNMENT((#3332));
#3192=PRESENTATION_STYLE_ASSIGNMENT((#3333));
#3193=PRESENTATION_STYLE_ASSIGNMENT((#3334));
#3194=PRESENTATION_STYLE_ASSIGNMENT((#3335));
#3195=PRESENTATION_STYLE_ASSIGNMENT((#3336));
#3196=PRESENTATION_STYLE_ASSIGNMENT((#3337));
#3197=PRESENTATION_STYLE_ASSIGNMENT((#3338));
#3198=PRESENTATION_STYLE_ASSIGNMENT((#3339));
#3199=PRESENTATION_STYLE_ASSIGNMENT((#3340));
#3200=PRESENTATION_STYLE_ASSIGNMENT((#3341));
#3201=PRESENTATION_STYLE_ASSIGNMENT((#3342));
#3202=PRESENTATION_STYLE_ASSIGNMENT((#3343));
#3203=PRESENTATION_STYLE_ASSIGNMENT((#3344));
#3204=PRESENTATION_STYLE_ASSIGNMENT((#3345));
#3205=PRESENTATION_STYLE_ASSIGNMENT((#3346));
#3206=PRESENTATION_STYLE_ASSIGNMENT((#3347));
#3207=PRESENTATION_STYLE_ASSIGNMENT((#3348));
#3208=PRESENTATION_STYLE_ASSIGNMENT((#3349));
#3209=PRESENTATION_STYLE_ASSIGNMENT((#3350));
#3210=PRESENTATION_STYLE_ASSIGNMENT((#3351));
#3211=PRESENTATION_STYLE_ASSIGNMENT((#3352));
#3212=PRESENTATION_STYLE_ASSIGNMENT((#3353));
#3213=PRESENTATION_STYLE_ASSIGNMENT((#3354));
#3214=PRESENTATION_STYLE_ASSIGNMENT((#3355));
#3215=PRESENTATION_STYLE_ASSIGNMENT((#3356));
#3216=PRESENTATION_STYLE_ASSIGNMENT((#3357));
#3217=PRESENTATION_STYLE_ASSIGNMENT((#3358));
#3218=PRESENTATION_STYLE_ASSIGNMENT((#3359));
#3219=PRESENTATION_STYLE_ASSIGNMENT((#3360));
#3220=PRESENTATION_STYLE_ASSIGNMENT((#3361));
#3221=PRESENTATION_STYLE_ASSIGNMENT((#3362));
#3222=PRESENTATION_STYLE_ASSIGNMENT((#3363));
#3223=PRESENTATION_STYLE_ASSIGNMENT((#3364));
#3224=PRESENTATION_STYLE_ASSIGNMENT((#3365));
#3225=PRESENTATION_STYLE_ASSIGNMENT((#3366));
#3226=PRESENTATION_STYLE_ASSIGNMENT((#3367));
#3227=PRESENTATION_STYLE_ASSIGNMENT((#3368));
#3228=PRESENTATION_STYLE_ASSIGNMENT((#3369));
#3229=PRESENTATION_STYLE_ASSIGNMENT((#3370));
#3230=PRESENTATION_STYLE_ASSIGNMENT((#3371));
#3231=PRESENTATION_STYLE_ASSIGNMENT((#3372));
#3232=PRESENTATION_STYLE_ASSIGNMENT((#3373));
#3233=PRESENTATION_STYLE_ASSIGNMENT((#3374));
#3234=PRESENTATION_STYLE_ASSIGNMENT((#3375));
#3235=PRESENTATION_STYLE_ASSIGNMENT((#3376));
#3236=PRESENTATION_STYLE_ASSIGNMENT((#3377));
#3237=PRESENTATION_STYLE_ASSIGNMENT((#3378));
#3238=PRESENTATION_STYLE_ASSIGNMENT((#3379));
#3239=PRESENTATION_STYLE_ASSIGNMENT((#3380));
#3240=PRESENTATION_STYLE_ASSIGNMENT((#3381));
#3241=PRESENTATION_STYLE_ASSIGNMENT((#3382));
#3242=PRESENTATION_STYLE_ASSIGNMENT((#3383));
#3243=PRESENTATION_STYLE_ASSIGNMENT((#3384));
#3244=PRESENTATION_STYLE_ASSIGNMENT((#3385));
#3245=SURFACE_STYLE_USAGE(.BOTH.,#3386);
#3246=SURFACE_STYLE_USAGE(.BOTH.,#3387);
#3247=SURFACE_STYLE_USAGE(.BOTH.,#3388);
#3248=SURFACE_STYLE_USAGE(.BOTH.,#3389);
#3249=SURFACE_STYLE_USAGE(.BOTH.,#3390);
#3250=SURFACE_STYLE_USAGE(.BOTH.,#3391);
#3251=SURFACE_STYLE_USAGE(.BOTH.,#3392);
#3252=SURFACE_STYLE_USAGE(.BOTH.,#3393);
#3253=SURFACE_STYLE_USAGE(.BOTH.,#3394);
#3254=SURFACE_STYLE_USAGE(.BOTH.,#3395);
#3255=SURFACE_STYLE_USAGE(.BOTH.,#3396);
#3256=SURFACE_STYLE_USAGE(.BOTH.,#3397);
#3257=SURFACE_STYLE_USAGE(.BOTH.,#3398);
#3258=SURFACE_STYLE_USAGE(.BOTH.,#3399);
#3259=SURFACE_STYLE_USAGE(.BOTH.,#3400);
#3260=SURFACE_STYLE_USAGE(.BOTH.,#3401);
#3261=SURFACE_STYLE_USAGE(.BOTH.,#3402);
#3262=SURFACE_STYLE_USAGE(.BOTH.,#3403);
#3263=SURFACE_STYLE_USAGE(.BOTH.,#3404);
#3264=SURFACE_STYLE_USAGE(.BOTH.,#3405);
#3265=SURFACE_STYLE_USAGE(.BOTH.,#3406);
#3266=SURFACE_STYLE_USAGE(.BOTH.,#3407);
#3267=SURFACE_STYLE_USAGE(.BOTH.,#3408);
#3268=SURFACE_STYLE_USAGE(.BOTH.,#3409);
#3269=SURFACE_STYLE_USAGE(.BOTH.,#3410);
#3270=SURFACE_STYLE_USAGE(.BOTH.,#3411);
#3271=SURFACE_STYLE_USAGE(.BOTH.,#3412);
#3272=SURFACE_STYLE_USAGE(.BOTH.,#3413);
#3273=SURFACE_STYLE_USAGE(.BOTH.,#3414);
#3274=SURFACE_STYLE_USAGE(.BOTH.,#3415);
#3275=SURFACE_STYLE_USAGE(.BOTH.,#3416);
#3276=SURFACE_STYLE_USAGE(.BOTH.,#3417);
#3277=SURFACE_STYLE_USAGE(.BOTH.,#3418);
#3278=SURFACE_STYLE_USAGE(.BOTH.,#3419);
#3279=SURFACE_STYLE_USAGE(.BOTH.,#3420);
#3280=SURFACE_STYLE_USAGE(.BOTH.,#3421);
#3281=SURFACE_STYLE_USAGE(.BOTH.,#3422);
#3282=SURFACE_STYLE_USAGE(.BOTH.,#3423);
#3283=SURFACE_STYLE_USAGE(.BOTH.,#3424);
#3284=SURFACE_STYLE_USAGE(.BOTH.,#3425);
#3285=SURFACE_STYLE_USAGE(.BOTH.,#3426);
#3286=SURFACE_STYLE_USAGE(.BOTH.,#3427);
#3287=SURFACE_STYLE_USAGE(.BOTH.,#3428);
#3288=SURFACE_STYLE_USAGE(.BOTH.,#3429);
#3289=SURFACE_STYLE_USAGE(.BOTH.,#3430);
#3290=SURFACE_STYLE_USAGE(.BOTH.,#3431);
#3291=SURFACE_STYLE_USAGE(.BOTH.,#3432);
#3292=SURFACE_STYLE_USAGE(.BOTH.,#3433);
#3293=SURFACE_STYLE_USAGE(.BOTH.,#3434);
#3294=SURFACE_STYLE_USAGE(.BOTH.,#3435);
#3295=SURFACE_STYLE_USAGE(.BOTH.,#3436);
#3296=SURFACE_STYLE_USAGE(.BOTH.,#3437);
#3297=SURFACE_STYLE_USAGE(.BOTH.,#3438);
#3298=SURFACE_STYLE_USAGE(.BOTH.,#3439);
#3299=SURFACE_STYLE_USAGE(.BOTH.,#3440);
#3300=SURFACE_STYLE_USAGE(.BOTH.,#3441);
#3301=SURFACE_STYLE_USAGE(.BOTH.,#3442);
#3302=SURFACE_STYLE_USAGE(.BOTH.,#3443);
#3303=SURFACE_STYLE_USAGE(.BOTH.,#3444);
#3304=SURFACE_STYLE_USAGE(.BOTH.,#3445);
#3305=SURFACE_STYLE_USAGE(.BOTH.,#3446);
#3306=SURFACE_STYLE_USAGE(.BOTH.,#3447);
#3307=SURFACE_STYLE_USAGE(.BOTH.,#3448);
#3308=SURFACE_STYLE_USAGE(.BOTH.,#3449);
#3309=SURFACE_STYLE_USAGE(.BOTH.,#3450);
#3310=SURFACE_STYLE_USAGE(.BOTH.,#3451);
#3311=SURFACE_STYLE_USAGE(.BOTH.,#3452);
#3312=SURFACE_STYLE_USAGE(.BOTH.,#3453);
#3313=SURFACE_STYLE_USAGE(.BOTH.,#3454);
#3314=SURFACE_STYLE_USAGE(.BOTH.,#3455);
#3315=SURFACE_STYLE_USAGE(.BOTH.,#3456);
#3316=SURFACE_STYLE_USAGE(.BOTH.,#3457);
#3317=SURFACE_STYLE_USAGE(.BOTH.,#3458);
#3318=SURFACE_STYLE_USAGE(.BOTH.,#3459);
#3319=SURFACE_STYLE_USAGE(.BOTH.,#3460);
#3320=SURFACE_STYLE_USAGE(.BOTH.,#3461);
#3321=SURFACE_STYLE_USAGE(.BOTH.,#3462);
#3322=SURFACE_STYLE_USAGE(.BOTH.,#3463);
#3323=SURFACE_STYLE_USAGE(.BOTH.,#3464);
#3324=SURFACE_STYLE_USAGE(.BOTH.,#3465);
#3325=SURFACE_STYLE_USAGE(.BOTH.,#3466);
#3326=SURFACE_STYLE_USAGE(.BOTH.,#3467);
#3327=SURFACE_STYLE_USAGE(.BOTH.,#3468);
#3328=SURFACE_STYLE_USAGE(.BOTH.,#3469);
#3329=SURFACE_STYLE_USAGE(.BOTH.,#3470);
#3330=SURFACE_STYLE_USAGE(.BOTH.,#3471);
#3331=SURFACE_STYLE_USAGE(.BOTH.,#3472);
#3332=SURFACE_STYLE_USAGE(.BOTH.,#3473);
#3333=SURFACE_STYLE_USAGE(.BOTH.,#3474);
#3334=SURFACE_STYLE_USAGE(.BOTH.,#3475);
#3335=SURFACE_STYLE_USAGE(.BOTH.,#3476);
#3336=SURFACE_STYLE_USAGE(.BOTH.,#3477);
#3337=SURFACE_STYLE_USAGE(.BOTH.,#3478);
#3338=SURFACE_STYLE_USAGE(.BOTH.,#3479);
#3339=SURFACE_STYLE_USAGE(.BOTH.,#3480);
#3340=SURFACE_STYLE_USAGE(.BOTH.,#3481);
#3341=SURFACE_STYLE_USAGE(.BOTH.,#3482);
#3342=SURFACE_STYLE_USAGE(.BOTH.,#3483);
#3343=SURFACE_STYLE_USAGE(.BOTH.,#3484);
#3344=SURFACE_STYLE_USAGE(.BOTH.,#3485);
#3345=SURFACE_STYLE_USAGE(.BOTH.,#3486);
#3346=SURFACE_STYLE_USAGE(.BOTH.,#3487);
#3347=SURFACE_STYLE_USAGE(.BOTH.,#3488);
#3348=SURFACE_STYLE_USAGE(.BOTH.,#3489);
#3349=SURFACE_STYLE_USAGE(.BOTH.,#3490);
#3350=SURFACE_STYLE_USAGE(.BOTH.,#3491);
#3351=SURFACE_STYLE_USAGE(.BOTH.,#3492);
#3352=SURFACE_STYLE_USAGE(.BOTH.,#3493);
#3353=SURFACE_STYLE_USAGE(.BOTH.,#3494);
#3354=SURFACE_STYLE_USAGE(.BOTH.,#3495);
#3355=SURFACE_STYLE_USAGE(.BOTH.,#3496);
#3356=SURFACE_STYLE_USAGE(.BOTH.,#3497);
#3357=SURFACE_STYLE_USAGE(.BOTH.,#3498);
#3358=SURFACE_STYLE_USAGE(.BOTH.,#3499);
#3359=SURFACE_STYLE_USAGE(.BOTH.,#3500);
#3360=SURFACE_STYLE_USAGE(.BOTH.,#3501);
#3361=SURFACE_STYLE_USAGE(.BOTH.,#3502);
#3362=SURFACE_STYLE_USAGE(.BOTH.,#3503);
#3363=SURFACE_STYLE_USAGE(.BOTH.,#3504);
#3364=SURFACE_STYLE_USAGE(.BOTH.,#3505);
#3365=SURFACE_STYLE_USAGE(.BOTH.,#3506);
#3366=SURFACE_STYLE_USAGE(.BOTH.,#3507);
#3367=SURFACE_STYLE_USAGE(.BOTH.,#3508);
#3368=SURFACE_STYLE_USAGE(.BOTH.,#3509);
#3369=SURFACE_STYLE_USAGE(.BOTH.,#3510);
#3370=SURFACE_STYLE_USAGE(.BOTH.,#3511);
#3371=SURFACE_STYLE_USAGE(.BOTH.,#3512);
#3372=SURFACE_STYLE_USAGE(.BOTH.,#3513);
#3373=SURFACE_STYLE_USAGE(.BOTH.,#3514);
#3374=SURFACE_STYLE_USAGE(.BOTH.,#3515);
#3375=SURFACE_STYLE_USAGE(.BOTH.,#3516);
#3376=SURFACE_STYLE_USAGE(.BOTH.,#3517);
#3377=SURFACE_STYLE_USAGE(.BOTH.,#3518);
#3378=SURFACE_STYLE_USAGE(.BOTH.,#3519);
#3379=SURFACE_STYLE_USAGE(.BOTH.,#3520);
#3380=SURFACE_STYLE_USAGE(.BOTH.,#3521);
#3381=SURFACE_STYLE_USAGE(.BOTH.,#3522);
#3382=SURFACE_STYLE_USAGE(.BOTH.,#3523);
#3383=SURFACE_STYLE_USAGE(.BOTH.,#3524);
#3384=SURFACE_STYLE_USAGE(.BOTH.,#3525);
#3385=SURFACE_STYLE_USAGE(.BOTH.,#3526);
#3386=SURFACE_SIDE_STYLE('',(#3527));
#3387=SURFACE_SIDE_STYLE('',(#3528));
#3388=SURFACE_SIDE_STYLE('',(#3529));
#3389=SURFACE_SIDE_STYLE('',(#3530));
#3390=SURFACE_SIDE_STYLE('',(#3531));
#3391=SURFACE_SIDE_STYLE('',(#3532));
#3392=SURFACE_SIDE_STYLE('',(#3533));
#3393=SURFACE_SIDE_STYLE('',(#3534));
#3394=SURFACE_SIDE_STYLE('',(#3535));
#3395=SURFACE_SIDE_STYLE('',(#3536));
#3396=SURFACE_SIDE_STYLE('',(#3537));
#3397=SURFACE_SIDE_STYLE('',(#3538));
#3398=SURFACE_SIDE_STYLE('',(#3539));
#3399=SURFACE_SIDE_STYLE('',(#3540));
#3400=SURFACE_SIDE_STYLE('',(#3541));
#3401=SURFACE_SIDE_STYLE('',(#3542));
#3402=SURFACE_SIDE_STYLE('',(#3543));
#3403=SURFACE_SIDE_STYLE('',(#3544));
#3404=SURFACE_SIDE_STYLE('',(#3545));
#3405=SURFACE_SIDE_STYLE('',(#3546));
#3406=SURFACE_SIDE_STYLE('',(#3547));
#3407=SURFACE_SIDE_STYLE('',(#3548));
#3408=SURFACE_SIDE_STYLE('',(#3549));
#3409=SURFACE_SIDE_STYLE('',(#3550));
#3410=SURFACE_SIDE_STYLE('',(#3551));
#3411=SURFACE_SIDE_STYLE('',(#3552));
#3412=SURFACE_SIDE_STYLE('',(#3553));
#3413=SURFACE_SIDE_STYLE('',(#3554));
#3414=SURFACE_SIDE_STYLE('',(#3555));
#3415=SURFACE_SIDE_STYLE('',(#3556));
#3416=SURFACE_SIDE_STYLE('',(#3557));
#3417=SURFACE_SIDE_STYLE('',(#3558));
#3418=SURFACE_SIDE_STYLE('',(#3559));
#3419=SURFACE_SIDE_STYLE('',(#3560));
#3420=SURFACE_SIDE_STYLE('',(#3561));
#3421=SURFACE_SIDE_STYLE('',(#3562));
#3422=SURFACE_SIDE_STYLE('',(#3563));
#3423=SURFACE_SIDE_STYLE('',(#3564));
#3424=SURFACE_SIDE_STYLE('',(#3565));
#3425=SURFACE_SIDE_STYLE('',(#3566));
#3426=SURFACE_SIDE_STYLE('',(#3567));
#3427=SURFACE_SIDE_STYLE('',(#3568));
#3428=SURFACE_SIDE_STYLE('',(#3569));
#3429=SURFACE_SIDE_STYLE('',(#3570));
#3430=SURFACE_SIDE_STYLE('',(#3571));
#3431=SURFACE_SIDE_STYLE('',(#3572));
#3432=SURFACE_SIDE_STYLE('',(#3573));
#3433=SURFACE_SIDE_STYLE('',(#3574));
#3434=SURFACE_SIDE_STYLE('',(#3575));
#3435=SURFACE_SIDE_STYLE('',(#3576));
#3436=SURFACE_SIDE_STYLE('',(#3577));
#3437=SURFACE_SIDE_STYLE('',(#3578));
#3438=SURFACE_SIDE_STYLE('',(#3579));
#3439=SURFACE_SIDE_STYLE('',(#3580));
#3440=SURFACE_SIDE_STYLE('',(#3581));
#3441=SURFACE_SIDE_STYLE('',(#3582));
#3442=SURFACE_SIDE_STYLE('',(#3583));
#3443=SURFACE_SIDE_STYLE('',(#3584));
#3444=SURFACE_SIDE_STYLE('',(#3585));
#3445=SURFACE_SIDE_STYLE('',(#3586));
#3446=SURFACE_SIDE_STYLE('',(#3587));
#3447=SURFACE_SIDE_STYLE('',(#3588));
#3448=SURFACE_SIDE_STYLE('',(#3589));
#3449=SURFACE_SIDE_STYLE('',(#3590));
#3450=SURFACE_SIDE_STYLE('',(#3591));
#3451=SURFACE_SIDE_STYLE('',(#3592));
#3452=SURFACE_SIDE_STYLE('',(#3593));
#3453=SURFACE_SIDE_STYLE('',(#3594));
#3454=SURFACE_SIDE_STYLE('',(#3595));
#3455=SURFACE_SIDE_STYLE('',(#3596));
#3456=SURFACE_SIDE_STYLE('',(#3597));
#3457=SURFACE_SIDE_STYLE('',(#3598));
#3458=SURFACE_SIDE_STYLE('',(#3599));
#3459=SURFACE_SIDE_STYLE('',(#3600));
#3460=SURFACE_SIDE_STYLE('',(#3601));
#3461=SURFACE_SIDE_STYLE('',(#3602));
#3462=SURFACE_SIDE_STYLE('',(#3603));
#3463=SURFACE_SIDE_STYLE('',(#3604));
#3464=SURFACE_SIDE_STYLE('',(#3605));
#3465=SURFACE_SIDE_STYLE('',(#3606));
#3466=SURFACE_SIDE_STYLE('',(#3607));
#3467=SURFACE_SIDE_STYLE('',(#3608));
#3468=SURFACE_SIDE_STYLE('',(#3609));
#3469=SURFACE_SIDE_STYLE('',(#3610));
#3470=SURFACE_SIDE_STYLE('',(#3611));
#3471=SURFACE_SIDE_STYLE('',(#3612));
#3472=SURFACE_SIDE_STYLE('',(#3613));
#3473=SURFACE_SIDE_STYLE('',(#3614));
#3474=SURFACE_SIDE_STYLE('',(#3615));
#3475=SURFACE_SIDE_STYLE('',(#3616));
#3476=SURFACE_SIDE_STYLE('',(#3617));
#3477=SURFACE_SIDE_STYLE('',(#3618));
#3478=SURFACE_SIDE_STYLE('',(#3619));
#3479=SURFACE_SIDE_STYLE('',(#3620));
#3480=SURFACE_SIDE_STYLE('',(#3621));
#3481=SURFACE_SIDE_STYLE('',(#3622));
#3482=SURFACE_SIDE_STYLE('',(#3623));
#3483=SURFACE_SIDE_STYLE('',(#3624));
#3484=SURFACE_SIDE_STYLE('',(#3625));
#3485=SURFACE_SIDE_STYLE('',(#3626));
#3486=SURFACE_SIDE_STYLE('',(#3627));
#3487=SURFACE_SIDE_STYLE('',(#3628));
#3488=SURFACE_SIDE_STYLE('',(#3629));
#3489=SURFACE_SIDE_STYLE('',(#3630));
#3490=SURFACE_SIDE_STYLE('',(#3631));
#3491=SURFACE_SIDE_STYLE('',(#3632));
#3492=SURFACE_SIDE_STYLE('',(#3633));
#3493=SURFACE_SIDE_STYLE('',(#3634));
#3494=SURFACE_SIDE_STYLE('',(#3635));
#3495=SURFACE_SIDE_STYLE('',(#3636));
#3496=SURFACE_SIDE_STYLE('',(#3637));
#3497=SURFACE_SIDE_STYLE('',(#3638));
#3498=SURFACE_SIDE_STYLE('',(#3639));
#3499=SURFACE_SIDE_STYLE('',(#3640));
#3500=SURFACE_SIDE_STYLE('',(#3641));
#3501=SURFACE_SIDE_STYLE('',(#3642));
#3502=SURFACE_SIDE_STYLE('',(#3643));
#3503=SURFACE_SIDE_STYLE('',(#3644));
#3504=SURFACE_SIDE_STYLE('',(#3645));
#3505=SURFACE_SIDE_STYLE('',(#3646));
#3506=SURFACE_SIDE_STYLE('',(#3647));
#3507=SURFACE_SIDE_STYLE('',(#3648));
#3508=SURFACE_SIDE_STYLE('',(#3649));
#3509=SURFACE_SIDE_STYLE('',(#3650));
#3510=SURFACE_SIDE_STYLE('',(#3651));
#3511=SURFACE_SIDE_STYLE('',(#3652));
#3512=SURFACE_SIDE_STYLE('',(#3653));
#3513=SURFACE_SIDE_STYLE('',(#3654));
#3514=SURFACE_SIDE_STYLE('',(#3655));
#3515=SURFACE_SIDE_STYLE('',(#3656));
#3516=SURFACE_SIDE_STYLE('',(#3657));
#3517=SURFACE_SIDE_STYLE('',(#3658));
#3518=SURFACE_SIDE_STYLE('',(#3659));
#3519=SURFACE_SIDE_STYLE('',(#3660));
#3520=SURFACE_SIDE_STYLE('',(#3661));
#3521=SURFACE_SIDE_STYLE('',(#3662));
#3522=SURFACE_SIDE_STYLE('',(#3663));
#3523=SURFACE_SIDE_STYLE('',(#3664));
#3524=SURFACE_SIDE_STYLE('',(#3665));
#3525=SURFACE_SIDE_STYLE('',(#3666));
#3526=SURFACE_SIDE_STYLE('',(#3667));
#3527=SURFACE_STYLE_FILL_AREA(#3668);
#3528=SURFACE_STYLE_FILL_AREA(#3669);
#3529=SURFACE_STYLE_FILL_AREA(#3670);
#3530=SURFACE_STYLE_FILL_AREA(#3671);
#3531=SURFACE_STYLE_FILL_AREA(#3672);
#3532=SURFACE_STYLE_FILL_AREA(#3673);
#3533=SURFACE_STYLE_FILL_AREA(#3674);
#3534=SURFACE_STYLE_FILL_AREA(#3675);
#3535=SURFACE_STYLE_FILL_AREA(#3676);
#3536=SURFACE_STYLE_FILL_AREA(#3677);
#3537=SURFACE_STYLE_FILL_AREA(#3678);
#3538=SURFACE_STYLE_FILL_AREA(#3679);
#3539=SURFACE_STYLE_FILL_AREA(#3680);
#3540=SURFACE_STYLE_FILL_AREA(#3681);
#3541=SURFACE_STYLE_FILL_AREA(#3682);
#3542=SURFACE_STYLE_FILL_AREA(#3683);
#3543=SURFACE_STYLE_FILL_AREA(#3684);
#3544=SURFACE_STYLE_FILL_AREA(#3685);
#3545=SURFACE_STYLE_FILL_AREA(#3686);
#3546=SURFACE_STYLE_FILL_AREA(#3687);
#3547=SURFACE_STYLE_FILL_AREA(#3688);
#3548=SURFACE_STYLE_FILL_AREA(#3689);
#3549=SURFACE_STYLE_FILL_AREA(#3690);
#3550=SURFACE_STYLE_FILL_AREA(#3691);
#3551=SURFACE_STYLE_FILL_AREA(#3692);
#3552=SURFACE_STYLE_FILL_AREA(#3693);
#3553=SURFACE_STYLE_FILL_AREA(#3694);
#3554=SURFACE_STYLE_FILL_AREA(#3695);
#3555=SURFACE_STYLE_FILL_AREA(#3696);
#3556=SURFACE_STYLE_FILL_AREA(#3697);
#3557=SURFACE_STYLE_FILL_AREA(#3698);
#3558=SURFACE_STYLE_FILL_AREA(#3699);
#3559=SURFACE_STYLE_FILL_AREA(#3700);
#3560=SURFACE_STYLE_FILL_AREA(#3701);
#3561=SURFACE_STYLE_FILL_AREA(#3702);
#3562=SURFACE_STYLE_FILL_AREA(#3703);
#3563=SURFACE_STYLE_FILL_AREA(#3704);
#3564=SURFACE_STYLE_FILL_AREA(#3705);
#3565=SURFACE_STYLE_FILL_AREA(#3706);
#3566=SURFACE_STYLE_FILL_AREA(#3707);
#3567=SURFACE_STYLE_FILL_AREA(#3708);
#3568=SURFACE_STYLE_FILL_AREA(#3709);
#3569=SURFACE_STYLE_FILL_AREA(#3710);
#3570=SURFACE_STYLE_FILL_AREA(#3711);
#3571=SURFACE_STYLE_FILL_AREA(#3712);
#3572=SURFACE_STYLE_FILL_AREA(#3713);
#3573=SURFACE_STYLE_FILL_AREA(#3714);
#3574=SURFACE_STYLE_FILL_AREA(#3715);
#3575=SURFACE_STYLE_FILL_AREA(#3716);
#3576=SURFACE_STYLE_FILL_AREA(#3717);
#3577=SURFACE_STYLE_FILL_AREA(#3718);
#3578=SURFACE_STYLE_FILL_AREA(#3719);
#3579=SURFACE_STYLE_FILL_AREA(#3720);
#3580=SURFACE_STYLE_FILL_AREA(#3721);
#3581=SURFACE_STYLE_FILL_AREA(#3722);
#3582=SURFACE_STYLE_FILL_AREA(#3723);
#3583=SURFACE_STYLE_FILL_AREA(#3724);
#3584=SURFACE_STYLE_FILL_AREA(#3725);
#3585=SURFACE_STYLE_FILL_AREA(#3726);
#3586=SURFACE_STYLE_FILL_AREA(#3727);
#3587=SURFACE_STYLE_FILL_AREA(#3728);
#3588=SURFACE_STYLE_FILL_AREA(#3729);
#3589=SURFACE_STYLE_FILL_AREA(#3730);
#3590=SURFACE_STYLE_FILL_AREA(#3731);
#3591=SURFACE_STYLE_FILL_AREA(#3732);
#3592=SURFACE_STYLE_FILL_AREA(#3733);
#3593=SURFACE_STYLE_FILL_AREA(#3734);
#3594=SURFACE_STYLE_FILL_AREA(#3735);
#3595=SURFACE_STYLE_FILL_AREA(#3736);
#3596=SURFACE_STYLE_FILL_AREA(#3737);
#3597=SURFACE_STYLE_FILL_AREA(#3738);
#3598=SURFACE_STYLE_FILL_AREA(#3739);
#3599=SURFACE_STYLE_FILL_AREA(#3740);
#3600=SURFACE_STYLE_FILL_AREA(#3741);
#3601=SURFACE_STYLE_FILL_AREA(#3742);
#3602=SURFACE_STYLE_FILL_AREA(#3743);
#3603=SURFACE_STYLE_FILL_AREA(#3744);
#3604=SURFACE_STYLE_FILL_AREA(#3745);
#3605=SURFACE_STYLE_FILL_AREA(#3746);
#3606=SURFACE_STYLE_FILL_AREA(#3747);
#3607=SURFACE_STYLE_FILL_AREA(#3748);
#3608=SURFACE_STYLE_FILL_AREA(#3749);
#3609=SURFACE_STYLE_FILL_AREA(#3750);
#3610=SURFACE_STYLE_FILL_AREA(#3751);
#3611=SURFACE_STYLE_FILL_AREA(#3752);
#3612=SURFACE_STYLE_FILL_AREA(#3753);
#3613=SURFACE_STYLE_FILL_AREA(#3754);
#3614=SURFACE_STYLE_FILL_AREA(#3755);
#3615=SURFACE_STYLE_FILL_AREA(#3756);
#3616=SURFACE_STYLE_FILL_AREA(#3757);
#3617=SURFACE_STYLE_FILL_AREA(#3758);
#3618=SURFACE_STYLE_FILL_AREA(#3759);
#3619=SURFACE_STYLE_FILL_AREA(#3760);
#3620=SURFACE_STYLE_FILL_AREA(#3761);
#3621=SURFACE_STYLE_FILL_AREA(#3762);
#3622=SURFACE_STYLE_FILL_AREA(#3763);
#3623=SURFACE_STYLE_FILL_AREA(#3764);
#3624=SURFACE_STYLE_FILL_AREA(#3765);
#3625=SURFACE_STYLE_FILL_AREA(#3766);
#3626=SURFACE_STYLE_FILL_AREA(#3767);
#3627=SURFACE_STYLE_FILL_AREA(#3768);
#3628=SURFACE_STYLE_FILL_AREA(#3769);
#3629=SURFACE_STYLE_FILL_AREA(#3770);
#3630=SURFACE_STYLE_FILL_AREA(#3771);
#3631=SURFACE_STYLE_FILL_AREA(#3772);
#3632=SURFACE_STYLE_FILL_AREA(#3773);
#3633=SURFACE_STYLE_FILL_AREA(#3774);
#3634=SURFACE_STYLE_FILL_AREA(#3775);
#3635=SURFACE_STYLE_FILL_AREA(#3776);
#3636=SURFACE_STYLE_FILL_AREA(#3777);
#3637=SURFACE_STYLE_FILL_AREA(#3778);
#3638=SURFACE_STYLE_FILL_AREA(#3779);
#3639=SURFACE_STYLE_FILL_AREA(#3780);
#3640=SURFACE_STYLE_FILL_AREA(#3781);
#3641=SURFACE_STYLE_FILL_AREA(#3782);
#3642=SURFACE_STYLE_FILL_AREA(#3783);
#3643=SURFACE_STYLE_FILL_AREA(#3784);
#3644=SURFACE_STYLE_FILL_AREA(#3785);
#3645=SURFACE_STYLE_FILL_AREA(#3786);
#3646=SURFACE_STYLE_FILL_AREA(#3787);
#3647=SURFACE_STYLE_FILL_AREA(#3788);
#3648=SURFACE_STYLE_FILL_AREA(#3789);
#3649=SURFACE_STYLE_FILL_AREA(#3790);
#3650=SURFACE_STYLE_FILL_AREA(#3791);
#3651=SURFACE_STYLE_FILL_AREA(#3792);
#3652=SURFACE_STYLE_FILL_AREA(#3793);
#3653=SURFACE_STYLE_FILL_AREA(#3794);
#3654=SURFACE_STYLE_FILL_AREA(#3795);
#3655=SURFACE_STYLE_FILL_AREA(#3796);
#3656=SURFACE_STYLE_FILL_AREA(#3797);
#3657=SURFACE_STYLE_FILL_AREA(#3798);
#3658=SURFACE_STYLE_FILL_AREA(#3799);
#3659=SURFACE_STYLE_FILL_AREA(#3800);
#3660=SURFACE_STYLE_FILL_AREA(#3801);
#3661=SURFACE_STYLE_FILL_AREA(#3802);
#3662=SURFACE_STYLE_FILL_AREA(#3803);
#3663=SURFACE_STYLE_FILL_AREA(#3804);
#3664=SURFACE_STYLE_FILL_AREA(#3805);
#3665=SURFACE_STYLE_FILL_AREA(#3806);
#3666=SURFACE_STYLE_FILL_AREA(#3807);
#3667=SURFACE_STYLE_FILL_AREA(#3808);
#3668=FILL_AREA_STYLE('',(#3809));
#3669=FILL_AREA_STYLE('',(#3810));
#3670=FILL_AREA_STYLE('',(#3811));
#3671=FILL_AREA_STYLE('',(#3812));
#3672=FILL_AREA_STYLE('',(#3813));
#3673=FILL_AREA_STYLE('',(#3814));
#3674=FILL_AREA_STYLE('',(#3815));
#3675=FILL_AREA_STYLE('',(#3816));
#3676=FILL_AREA_STYLE('',(#3817));
#3677=FILL_AREA_STYLE('',(#3818));
#3678=FILL_AREA_STYLE('',(#3819));
#3679=FILL_AREA_STYLE('',(#3820));
#3680=FILL_AREA_STYLE('',(#3821));
#3681=FILL_AREA_STYLE('',(#3822));
#3682=FILL_AREA_STYLE('',(#3823));
#3683=FILL_AREA_STYLE('',(#3824));
#3684=FILL_AREA_STYLE('',(#3825));
#3685=FILL_AREA_STYLE('',(#3826));
#3686=FILL_AREA_STYLE('',(#3827));
#3687=FILL_AREA_STYLE('',(#3828));
#3688=FILL_AREA_STYLE('',(#3829));
#3689=FILL_AREA_STYLE('',(#3830));
#3690=FILL_AREA_STYLE('',(#3831));
#3691=FILL_AREA_STYLE('',(#3832));
#3692=FILL_AREA_STYLE('',(#3833));
#3693=FILL_AREA_STYLE('',(#3834));
#3694=FILL_AREA_STYLE('',(#3835));
#3695=FILL_AREA_STYLE('',(#3836));
#3696=FILL_AREA_STYLE('',(#3837));
#3697=FILL_AREA_STYLE('',(#3838));
#3698=FILL_AREA_STYLE('',(#3839));
#3699=FILL_AREA_STYLE('',(#3840));
#3700=FILL_AREA_STYLE('',(#3841));
#3701=FILL_AREA_STYLE('',(#3842));
#3702=FILL_AREA_STYLE('',(#3843));
#3703=FILL_AREA_STYLE('',(#3844));
#3704=FILL_AREA_STYLE('',(#3845));
#3705=FILL_AREA_STYLE('',(#3846));
#3706=FILL_AREA_STYLE('',(#3847));
#3707=FILL_AREA_STYLE('',(#3848));
#3708=FILL_AREA_STYLE('',(#3849));
#3709=FILL_AREA_STYLE('',(#3850));
#3710=FILL_AREA_STYLE('',(#3851));
#3711=FILL_AREA_STYLE('',(#3852));
#3712=FILL_AREA_STYLE('',(#3853));
#3713=FILL_AREA_STYLE('',(#3854));
#3714=FILL_AREA_STYLE('',(#3855));
#3715=FILL_AREA_STYLE('',(#3856));
#3716=FILL_AREA_STYLE('',(#3857));
#3717=FILL_AREA_STYLE('',(#3858));
#3718=FILL_AREA_STYLE('',(#3859));
#3719=FILL_AREA_STYLE('',(#3860));
#3720=FILL_AREA_STYLE('',(#3861));
#3721=FILL_AREA_STYLE('',(#3862));
#3722=FILL_AREA_STYLE('',(#3863));
#3723=FILL_AREA_STYLE('',(#3864));
#3724=FILL_AREA_STYLE('',(#3865));
#3725=FILL_AREA_STYLE('',(#3866));
#3726=FILL_AREA_STYLE('',(#3867));
#3727=FILL_AREA_STYLE('',(#3868));
#3728=FILL_AREA_STYLE('',(#3869));
#3729=FILL_AREA_STYLE('',(#3870));
#3730=FILL_AREA_STYLE('',(#3871));
#3731=FILL_AREA_STYLE('',(#3872));
#3732=FILL_AREA_STYLE('',(#3873));
#3733=FILL_AREA_STYLE('',(#3874));
#3734=FILL_AREA_STYLE('',(#3875));
#3735=FILL_AREA_STYLE('',(#3876));
#3736=FILL_AREA_STYLE('',(#3877));
#3737=FILL_AREA_STYLE('',(#3878));
#3738=FILL_AREA_STYLE('',(#3879));
#3739=FILL_AREA_STYLE('',(#3880));
#3740=FILL_AREA_STYLE('',(#3881));
#3741=FILL_AREA_STYLE('',(#3882));
#3742=FILL_AREA_STYLE('',(#3883));
#3743=FILL_AREA_STYLE('',(#3884));
#3744=FILL_AREA_STYLE('',(#3885));
#3745=FILL_AREA_STYLE('',(#3886));
#3746=FILL_AREA_STYLE('',(#3887));
#3747=FILL_AREA_STYLE('',(#3888));
#3748=FILL_AREA_STYLE('',(#3889));
#3749=FILL_AREA_STYLE('',(#3890));
#3750=FILL_AREA_STYLE('',(#3891));
#3751=FILL_AREA_STYLE('',(#3892));
#3752=FILL_AREA_STYLE('',(#3893));
#3753=FILL_AREA_STYLE('',(#3894));
#3754=FILL_AREA_STYLE('',(#3895));
#3755=FILL_AREA_STYLE('',(#3896));
#3756=FILL_AREA_STYLE('',(#3897));
#3757=FILL_AREA_STYLE('',(#3898));
#3758=FILL_AREA_STYLE('',(#3899));
#3759=FILL_AREA_STYLE('',(#3900));
#3760=FILL_AREA_STYLE('',(#3901));
#3761=FILL_AREA_STYLE('',(#3902));
#3762=FILL_AREA_STYLE('',(#3903));
#3763=FILL_AREA_STYLE('',(#3904));
#3764=FILL_AREA_STYLE('',(#3905));
#3765=FILL_AREA_STYLE('',(#3906));
#3766=FILL_AREA_STYLE('',(#3907));
#3767=FILL_AREA_STYLE('',(#3908));
#3768=FILL_AREA_STYLE('',(#3909));
#3769=FILL_AREA_STYLE('',(#3910));
#3770=FILL_AREA_STYLE('',(#3911));
#3771=FILL_AREA_STYLE('',(#3912));
#3772=FILL_AREA_STYLE('',(#3913));
#3773=FILL_AREA_STYLE('',(#3914));
#3774=FILL_AREA_STYLE('',(#3915));
#3775=FILL_AREA_STYLE('',(#3916));
#3776=FILL_AREA_STYLE('',(#3917));
#3777=FILL_AREA_STYLE('',(#3918));
#3778=FILL_AREA_STYLE('',(#3919));
#3779=FILL_AREA_STYLE('',(#3920));
#3780=FILL_AREA_STYLE('',(#3921));
#3781=FILL_AREA_STYLE('',(#3922));
#3782=FILL_AREA_STYLE('',(#3923));
#3783=FILL_AREA_STYLE('',(#3924));
#3784=FILL_AREA_STYLE('',(#3925));
#3785=FILL_AREA_STYLE('',(#3926));
#3786=FILL_AREA_STYLE('',(#3927));
#3787=FILL_AREA_STYLE('',(#3928));
#3788=FILL_AREA_STYLE('',(#3929));
#3789=FILL_AREA_STYLE('',(#3930));
#3790=FILL_AREA_STYLE('',(#3931));
#3791=FILL_AREA_STYLE('',(#3932));
#3792=FILL_AREA_STYLE('',(#3933));
#3793=FILL_AREA_STYLE('',(#3934));
#3794=FILL_AREA_STYLE('',(#3935));
#3795=FILL_AREA_STYLE('',(#3936));
#3796=FILL_AREA_STYLE('',(#3937));
#3797=FILL_AREA_STYLE('',(#3938));
#3798=FILL_AREA_STYLE('',(#3939));
#3799=FILL_AREA_STYLE('',(#3940));
#3800=FILL_AREA_STYLE('',(#3941));
#3801=FILL_AREA_STYLE('',(#3942));
#3802=FILL_AREA_STYLE('',(#3943));
#3803=FILL_AREA_STYLE('',(#3944));
#3804=FILL_AREA_STYLE('',(#3945));
#3805=FILL_AREA_STYLE('',(#3946));
#3806=FILL_AREA_STYLE('',(#3947));
#3807=FILL_AREA_STYLE('',(#3948));
#3808=FILL_AREA_STYLE('',(#3949));
#3809=FILL_AREA_STYLE_COLOUR('',#3950);
#3810=FILL_AREA_STYLE_COLOUR('',#3951);
#3811=FILL_AREA_STYLE_COLOUR('',#3951);
#3812=FILL_AREA_STYLE_COLOUR('',#3951);
#3813=FILL_AREA_STYLE_COLOUR('',#3951);
#3814=FILL_AREA_STYLE_COLOUR('',#3951);
#3815=FILL_AREA_STYLE_COLOUR('',#3951);
#3816=FILL_AREA_STYLE_COLOUR('',#3951);
#3817=FILL_AREA_STYLE_COLOUR('',#3952);
#3818=FILL_AREA_STYLE_COLOUR('',#3952);
#3819=FILL_AREA_STYLE_COLOUR('',#3952);
#3820=FILL_AREA_STYLE_COLOUR('',#3952);
#3821=FILL_AREA_STYLE_COLOUR('',#3952);
#3822=FILL_AREA_STYLE_COLOUR('',#3952);
#3823=FILL_AREA_STYLE_COLOUR('',#3952);
#3824=FILL_AREA_STYLE_COLOUR('',#3952);
#3825=FILL_AREA_STYLE_COLOUR('',#3952);
#3826=FILL_AREA_STYLE_COLOUR('',#3952);
#3827=FILL_AREA_STYLE_COLOUR('',#3952);
#3828=FILL_AREA_STYLE_COLOUR('',#3952);
#3829=FILL_AREA_STYLE_COLOUR('',#3952);
#3830=FILL_AREA_STYLE_COLOUR('',#3952);
#3831=FILL_AREA_STYLE_COLOUR('',#3952);
#3832=FILL_AREA_STYLE_COLOUR('',#3952);
#3833=FILL_AREA_STYLE_COLOUR('',#3952);
#3834=FILL_AREA_STYLE_COLOUR('',#3952);
#3835=FILL_AREA_STYLE_COLOUR('',#3952);
#3836=FILL_AREA_STYLE_COLOUR('',#3952);
#3837=FILL_AREA_STYLE_COLOUR('',#3952);
#3838=FILL_AREA_STYLE_COLOUR('',#3952);
#3839=FILL_AREA_STYLE_COLOUR('',#3952);
#3840=FILL_AREA_STYLE_COLOUR('',#3952);
#3841=FILL_AREA_STYLE_COLOUR('',#3951);
#3842=FILL_AREA_STYLE_COLOUR('',#3951);
#3843=FILL_AREA_STYLE_COLOUR('',#3951);
#3844=FILL_AREA_STYLE_COLOUR('',#3951);
#3845=FILL_AREA_STYLE_COLOUR('',#3951);
#3846=FILL_AREA_STYLE_COLOUR('',#3951);
#3847=FILL_AREA_STYLE_COLOUR('',#3951);
#3848=FILL_AREA_STYLE_COLOUR('',#3951);
#3849=FILL_AREA_STYLE_COLOUR('',#3951);
#3850=FILL_AREA_STYLE_COLOUR('',#3951);
#3851=FILL_AREA_STYLE_COLOUR('',#3951);
#3852=FILL_AREA_STYLE_COLOUR('',#3951);
#3853=FILL_AREA_STYLE_COLOUR('',#3951);
#3854=FILL_AREA_STYLE_COLOUR('',#3951);
#3855=FILL_AREA_STYLE_COLOUR('',#3951);
#3856=FILL_AREA_STYLE_COLOUR('',#3951);
#3857=FILL_AREA_STYLE_COLOUR('',#3952);
#3858=FILL_AREA_STYLE_COLOUR('',#3952);
#3859=FILL_AREA_STYLE_COLOUR('',#3952);
#3860=FILL_AREA_STYLE_COLOUR('',#3952);
#3861=FILL_AREA_STYLE_COLOUR('',#3952);
#3862=FILL_AREA_STYLE_COLOUR('',#3952);
#3863=FILL_AREA_STYLE_COLOUR('',#3952);
#3864=FILL_AREA_STYLE_COLOUR('',#3952);
#3865=FILL_AREA_STYLE_COLOUR('',#3952);
#3866=FILL_AREA_STYLE_COLOUR('',#3952);
#3867=FILL_AREA_STYLE_COLOUR('',#3952);
#3868=FILL_AREA_STYLE_COLOUR('',#3952);
#3869=FILL_AREA_STYLE_COLOUR('',#3952);
#3870=FILL_AREA_STYLE_COLOUR('',#3952);
#3871=FILL_AREA_STYLE_COLOUR('',#3952);
#3872=FILL_AREA_STYLE_COLOUR('',#3952);
#3873=FILL_AREA_STYLE_COLOUR('',#3952);
#3874=FILL_AREA_STYLE_COLOUR('',#3952);
#3875=FILL_AREA_STYLE_COLOUR('',#3952);
#3876=FILL_AREA_STYLE_COLOUR('',#3952);
#3877=FILL_AREA_STYLE_COLOUR('',#3952);
#3878=FILL_AREA_STYLE_COLOUR('',#3952);
#3879=FILL_AREA_STYLE_COLOUR('',#3952);
#3880=FILL_AREA_STYLE_COLOUR('',#3952);
#3881=FILL_AREA_STYLE_COLOUR('',#3952);
#3882=FILL_AREA_STYLE_COLOUR('',#3952);
#3883=FILL_AREA_STYLE_COLOUR('',#3952);
#3884=FILL_AREA_STYLE_COLOUR('',#3952);
#3885=FILL_AREA_STYLE_COLOUR('',#3952);
#3886=FILL_AREA_STYLE_COLOUR('',#3952);
#3887=FILL_AREA_STYLE_COLOUR('',#3952);
#3888=FILL_AREA_STYLE_COLOUR('',#3952);
#3889=FILL_AREA_STYLE_COLOUR('',#3952);
#3890=FILL_AREA_STYLE_COLOUR('',#3952);
#3891=FILL_AREA_STYLE_COLOUR('',#3952);
#3892=FILL_AREA_STYLE_COLOUR('',#3952);
#3893=FILL_AREA_STYLE_COLOUR('',#3952);
#3894=FILL_AREA_STYLE_COLOUR('',#3952);
#3895=FILL_AREA_STYLE_COLOUR('',#3951);
#3896=FILL_AREA_STYLE_COLOUR('',#3951);
#3897=FILL_AREA_STYLE_COLOUR('',#3951);
#3898=FILL_AREA_STYLE_COLOUR('',#3951);
#3899=FILL_AREA_STYLE_COLOUR('',#3951);
#3900=FILL_AREA_STYLE_COLOUR('',#3951);
#3901=FILL_AREA_STYLE_COLOUR('',#3951);
#3902=FILL_AREA_STYLE_COLOUR('',#3951);
#3903=FILL_AREA_STYLE_COLOUR('',#3951);
#3904=FILL_AREA_STYLE_COLOUR('',#3951);
#3905=FILL_AREA_STYLE_COLOUR('',#3951);
#3906=FILL_AREA_STYLE_COLOUR('',#3951);
#3907=FILL_AREA_STYLE_COLOUR('',#3951);
#3908=FILL_AREA_STYLE_COLOUR('',#3951);
#3909=FILL_AREA_STYLE_COLOUR('',#3951);
#3910=FILL_AREA_STYLE_COLOUR('',#3951);
#3911=FILL_AREA_STYLE_COLOUR('',#3952);
#3912=FILL_AREA_STYLE_COLOUR('',#3952);
#3913=FILL_AREA_STYLE_COLOUR('',#3952);
#3914=FILL_AREA_STYLE_COLOUR('',#3952);
#3915=FILL_AREA_STYLE_COLOUR('',#3952);
#3916=FILL_AREA_STYLE_COLOUR('',#3952);
#3917=FILL_AREA_STYLE_COLOUR('',#3952);
#3918=FILL_AREA_STYLE_COLOUR('',#3952);
#3919=FILL_AREA_STYLE_COLOUR('',#3952);
#3920=FILL_AREA_STYLE_COLOUR('',#3952);
#3921=FILL_AREA_STYLE_COLOUR('',#3952);
#3922=FILL_AREA_STYLE_COLOUR('',#3952);
#3923=FILL_AREA_STYLE_COLOUR('',#3952);
#3924=FILL_AREA_STYLE_COLOUR('',#3952);
#3925=FILL_AREA_STYLE_COLOUR('',#3952);
#3926=FILL_AREA_STYLE_COLOUR('',#3952);
#3927=FILL_AREA_STYLE_COLOUR('',#3952);
#3928=FILL_AREA_STYLE_COLOUR('',#3952);
#3929=FILL_AREA_STYLE_COLOUR('',#3952);
#3930=FILL_AREA_STYLE_COLOUR('',#3952);
#3931=FILL_AREA_STYLE_COLOUR('',#3952);
#3932=FILL_AREA_STYLE_COLOUR('',#3952);
#3933=FILL_AREA_STYLE_COLOUR('',#3952);
#3934=FILL_AREA_STYLE_COLOUR('',#3952);
#3935=FILL_AREA_STYLE_COLOUR('',#3952);
#3936=FILL_AREA_STYLE_COLOUR('',#3952);
#3937=FILL_AREA_STYLE_COLOUR('',#3952);
#3938=FILL_AREA_STYLE_COLOUR('',#3952);
#3939=FILL_AREA_STYLE_COLOUR('',#3952);
#3940=FILL_AREA_STYLE_COLOUR('',#3952);
#3941=FILL_AREA_STYLE_COLOUR('',#3951);
#3942=FILL_AREA_STYLE_COLOUR('',#3951);
#3943=FILL_AREA_STYLE_COLOUR('',#3951);
#3944=FILL_AREA_STYLE_COLOUR('',#3951);
#3945=FILL_AREA_STYLE_COLOUR('',#3951);
#3946=FILL_AREA_STYLE_COLOUR('',#3951);
#3947=FILL_AREA_STYLE_COLOUR('',#3951);
#3948=FILL_AREA_STYLE_COLOUR('',#3951);
#3949=FILL_AREA_STYLE_COLOUR('',#3951);
#3950=COLOUR_RGB('',0.615686274509804,0.811764705882353,0.929411764705882);
#3951=COLOUR_RGB('',0.909803921568627,0.572549019607843,0.164705882352941);
#3952=COLOUR_RGB('',0.952941176470588,0.952941176470588,0.0156862745098039);
#3953=MANIFOLD_SOLID_BREP('Part 1',#3102);
#3954=SHAPE_DEFINITION_REPRESENTATION(#5802,#3955);
#3955=SHAPE_REPRESENTATION('Part 1',(#3956),#5797);
#3956=AXIS2_PLACEMENT_3D('',#4915,#4155,#4156);
#3957=AXIS2_PLACEMENT_3D('',#4916,#4157,#4158);
#3958=AXIS2_PLACEMENT_3D('',#4927,#4164,#4165);
#3959=AXIS2_PLACEMENT_3D('',#4940,#4172,#4173);
#3960=AXIS2_PLACEMENT_3D('',#4953,#4180,#4181);
#3961=AXIS2_PLACEMENT_3D('',#4966,#4188,#4189);
#3962=AXIS2_PLACEMENT_3D('',#4979,#4196,#4197);
#3963=AXIS2_PLACEMENT_3D('',#4992,#4204,#4205);
#3964=AXIS2_PLACEMENT_3D('',#5005,#4212,#4213);
#3965=AXIS2_PLACEMENT_3D('',#5011,#4217,#4218);
#3966=AXIS2_PLACEMENT_3D('',#5024,#4226,#4227);
#3967=AXIS2_PLACEMENT_3D('',#5028,#4230,#4231);
#3968=AXIS2_PLACEMENT_3D('',#5034,#4235,#4236);
#3969=AXIS2_PLACEMENT_3D('',#5047,#4244,#4245);
#3970=AXIS2_PLACEMENT_3D('',#5051,#4248,#4249);
#3971=AXIS2_PLACEMENT_3D('',#5057,#4253,#4254);
#3972=AXIS2_PLACEMENT_3D('',#5070,#4262,#4263);
#3973=AXIS2_PLACEMENT_3D('',#5074,#4266,#4267);
#3974=AXIS2_PLACEMENT_3D('',#5089,#4276,#4277);
#3975=AXIS2_PLACEMENT_3D('',#5093,#4280,#4281);
#3976=AXIS2_PLACEMENT_3D('',#5097,#4284,#4285);
#3977=AXIS2_PLACEMENT_3D('',#5112,#4294,#4295);
#3978=AXIS2_PLACEMENT_3D('',#5116,#4298,#4299);
#3979=AXIS2_PLACEMENT_3D('',#5120,#4302,#4303);
#3980=AXIS2_PLACEMENT_3D('',#5135,#4312,#4313);
#3981=AXIS2_PLACEMENT_3D('',#5139,#4316,#4317);
#3982=AXIS2_PLACEMENT_3D('',#5143,#4320,#4321);
#3983=AXIS2_PLACEMENT_3D('',#5159,#4330,#4331);
#3984=AXIS2_PLACEMENT_3D('',#5163,#4334,#4335);
#3985=AXIS2_PLACEMENT_3D('',#5169,#4339,#4340);
#3986=AXIS2_PLACEMENT_3D('',#5228,#4377,#4378);
#3987=AXIS2_PLACEMENT_3D('',#5232,#4381,#4382);
#3988=AXIS2_PLACEMENT_3D('',#5234,#4384,#4385);
#3989=AXIS2_PLACEMENT_3D('',#5235,#4386,#4387);
#3990=AXIS2_PLACEMENT_3D('',#5236,#4388,#4389);
#3991=AXIS2_PLACEMENT_3D('',#5237,#4390,#4391);
#3992=AXIS2_PLACEMENT_3D('',#5238,#4392,#4393);
#3993=AXIS2_PLACEMENT_3D('',#5239,#4394,#4395);
#3994=AXIS2_PLACEMENT_3D('',#5240,#4396,#4397);
#3995=AXIS2_PLACEMENT_3D('',#5242,#4399,#4400);
#3996=AXIS2_PLACEMENT_3D('',#5244,#4402,#4403);
#3997=AXIS2_PLACEMENT_3D('',#5245,#4404,#4405);
#3998=AXIS2_PLACEMENT_3D('',#5247,#4407,#4408);
#3999=AXIS2_PLACEMENT_3D('',#5249,#4410,#4411);
#4000=AXIS2_PLACEMENT_3D('',#5251,#4413,#4414);
#4001=AXIS2_PLACEMENT_3D('',#5253,#4416,#4417);
#4002=AXIS2_PLACEMENT_3D('',#5255,#4419,#4420);
#4003=AXIS2_PLACEMENT_3D('',#5257,#4422,#4423);
#4004=AXIS2_PLACEMENT_3D('',#5259,#4425,#4426);
#4005=AXIS2_PLACEMENT_3D('',#5261,#4428,#4429);
#4006=AXIS2_PLACEMENT_3D('',#5263,#4431,#4432);
#4007=AXIS2_PLACEMENT_3D('',#5265,#4434,#4435);
#4008=AXIS2_PLACEMENT_3D('',#5267,#4437,#4438);
#4009=AXIS2_PLACEMENT_3D('',#5269,#4440,#4441);
#4010=AXIS2_PLACEMENT_3D('',#5271,#4443,#4444);
#4011=AXIS2_PLACEMENT_3D('',#5273,#4446,#4447);
#4012=AXIS2_PLACEMENT_3D('',#5279,#4451,#4452);
#4013=AXIS2_PLACEMENT_3D('',#5285,#4456,#4457);
#4014=AXIS2_PLACEMENT_3D('',#5291,#4461,#4462);
#4015=AXIS2_PLACEMENT_3D('',#5297,#4466,#4467);
#4016=AXIS2_PLACEMENT_3D('',#5303,#4471,#4472);
#4017=AXIS2_PLACEMENT_3D('',#5309,#4476,#4477);
#4018=AXIS2_PLACEMENT_3D('',#5315,#4481,#4482);
#4019=AXIS2_PLACEMENT_3D('',#5316,#4483,#4484);
#4020=AXIS2_PLACEMENT_3D('',#5327,#4490,#4491);
#4021=AXIS2_PLACEMENT_3D('',#5328,#4492,#4493);
#4022=AXIS2_PLACEMENT_3D('',#5335,#4497,#4498);
#4023=AXIS2_PLACEMENT_3D('',#5336,#4499,#4500);
#4024=AXIS2_PLACEMENT_3D('',#5341,#4503,#4504);
#4025=AXIS2_PLACEMENT_3D('',#5342,#4505,#4506);
#4026=AXIS2_PLACEMENT_3D('',#5347,#4509,#4510);
#4027=AXIS2_PLACEMENT_3D('',#5348,#4511,#4512);
#4028=AXIS2_PLACEMENT_3D('',#5353,#4515,#4516);
#4029=AXIS2_PLACEMENT_3D('',#5358,#4519,#4520);
#4030=AXIS2_PLACEMENT_3D('',#5359,#4521,#4522);
#4031=AXIS2_PLACEMENT_3D('',#5360,#4523,#4524);
#4032=AXIS2_PLACEMENT_3D('',#5365,#4527,#4528);
#4033=AXIS2_PLACEMENT_3D('',#5366,#4529,#4530);
#4034=AXIS2_PLACEMENT_3D('',#5371,#4533,#4534);
#4035=AXIS2_PLACEMENT_3D('',#5372,#4535,#4536);
#4036=AXIS2_PLACEMENT_3D('',#5377,#4539,#4540);
#4037=AXIS2_PLACEMENT_3D('',#5378,#4541,#4542);
#4038=AXIS2_PLACEMENT_3D('',#5383,#4545,#4546);
#4039=AXIS2_PLACEMENT_3D('',#5384,#4547,#4548);
#4040=AXIS2_PLACEMENT_3D('',#5389,#4551,#4552);
#4041=AXIS2_PLACEMENT_3D('',#5390,#4553,#4554);
#4042=AXIS2_PLACEMENT_3D('',#5395,#4557,#4558);
#4043=AXIS2_PLACEMENT_3D('',#5400,#4561,#4562);
#4044=AXIS2_PLACEMENT_3D('',#5401,#4563,#4564);
#4045=AXIS2_PLACEMENT_3D('',#5402,#4565,#4566);
#4046=AXIS2_PLACEMENT_3D('',#5407,#4569,#4570);
#4047=AXIS2_PLACEMENT_3D('',#5408,#4571,#4572);
#4048=AXIS2_PLACEMENT_3D('',#5413,#4575,#4576);
#4049=AXIS2_PLACEMENT_3D('',#5426,#4583,#4584);
#4050=AXIS2_PLACEMENT_3D('',#5443,#4593,#4594);
#4051=AXIS2_PLACEMENT_3D('',#5456,#4601,#4602);
#4052=AXIS2_PLACEMENT_3D('',#5462,#4606,#4607);
#4053=AXIS2_PLACEMENT_3D('',#5466,#4609,#4610);
#4054=AXIS2_PLACEMENT_3D('',#5470,#4612,#4613);
#4055=AXIS2_PLACEMENT_3D('',#5480,#4615,#4616);
#4056=AXIS2_PLACEMENT_3D('',#5490,#4618,#4619);
#4057=AXIS2_PLACEMENT_3D('',#5494,#4621,#4622);
#4058=AXIS2_PLACEMENT_3D('',#5508,#4625,#4626);
#4059=AXIS2_PLACEMENT_3D('',#5519,#4628,#4629);
#4060=AXIS2_PLACEMENT_3D('',#5522,#4632,#4633);
#4061=AXIS2_PLACEMENT_3D('',#5526,#4635,#4636);
#4062=AXIS2_PLACEMENT_3D('',#5540,#4639,#4640);
#4063=AXIS2_PLACEMENT_3D('',#5544,#4642,#4643);
#4064=AXIS2_PLACEMENT_3D('',#5554,#4645,#4646);
#4065=AXIS2_PLACEMENT_3D('',#5564,#4648,#4649);
#4066=AXIS2_PLACEMENT_3D('',#5568,#4651,#4652);
#4067=AXIS2_PLACEMENT_3D('',#5579,#4654,#4655);
#4068=AXIS2_PLACEMENT_3D('',#5581,#4657,#4658);
#4069=AXIS2_PLACEMENT_3D('',#5587,#4662,#4663);
#4070=AXIS2_PLACEMENT_3D('',#5593,#4667,#4668);
#4071=AXIS2_PLACEMENT_3D('',#5599,#4672,#4673);
#4072=AXIS2_PLACEMENT_3D('',#5602,#4676,#4677);
#4073=AXIS2_PLACEMENT_3D('',#5613,#4684,#4685);
#4074=AXIS2_PLACEMENT_3D('',#5614,#4686,#4687);
#4075=AXIS2_PLACEMENT_3D('',#5616,#4688,#4689);
#4076=AXIS2_PLACEMENT_3D('',#5618,#4690,#4691);
#4077=AXIS2_PLACEMENT_3D('',#5620,#4692,#4693);
#4078=AXIS2_PLACEMENT_3D('',#5630,#4700,#4701);
#4079=AXIS2_PLACEMENT_3D('',#5632,#4702,#4703);
#4080=AXIS2_PLACEMENT_3D('',#5634,#4704,#4705);
#4081=AXIS2_PLACEMENT_3D('',#5636,#4706,#4707);
#4082=AXIS2_PLACEMENT_3D('',#5638,#4708,#4709);
#4083=AXIS2_PLACEMENT_3D('',#5644,#4713,#4714);
#4084=AXIS2_PLACEMENT_3D('',#5652,#4720,#4721);
#4085=AXIS2_PLACEMENT_3D('',#5655,#4724,#4725);
#4086=AXIS2_PLACEMENT_3D('',#5661,#4729,#4730);
#4087=AXIS2_PLACEMENT_3D('',#5667,#4734,#4735);
#4088=AXIS2_PLACEMENT_3D('',#5673,#4739,#4740);
#4089=AXIS2_PLACEMENT_3D('',#5676,#4743,#4744);
#4090=AXIS2_PLACEMENT_3D('',#5681,#4748,#4749);
#4091=AXIS2_PLACEMENT_3D('',#5682,#4750,#4751);
#4092=AXIS2_PLACEMENT_3D('',#5683,#4752,#4753);
#4093=AXIS2_PLACEMENT_3D('',#5685,#4754,#4755);
#4094=AXIS2_PLACEMENT_3D('',#5686,#4756,#4757);
#4095=AXIS2_PLACEMENT_3D('',#5687,#4758,#4759);
#4096=AXIS2_PLACEMENT_3D('',#5689,#4760,#4761);
#4097=AXIS2_PLACEMENT_3D('',#5690,#4762,#4763);
#4098=AXIS2_PLACEMENT_3D('',#5691,#4764,#4765);
#4099=AXIS2_PLACEMENT_3D('',#5693,#4766,#4767);
#4100=AXIS2_PLACEMENT_3D('',#5694,#4768,#4769);
#4101=AXIS2_PLACEMENT_3D('',#5695,#4770,#4771);
#4102=AXIS2_PLACEMENT_3D('',#5697,#4772,#4773);
#4103=AXIS2_PLACEMENT_3D('',#5698,#4774,#4775);
#4104=AXIS2_PLACEMENT_3D('',#5699,#4776,#4777);
#4105=AXIS2_PLACEMENT_3D('',#5701,#4778,#4779);
#4106=AXIS2_PLACEMENT_3D('',#5702,#4780,#4781);
#4107=AXIS2_PLACEMENT_3D('',#5703,#4782,#4783);
#4108=AXIS2_PLACEMENT_3D('',#5705,#4784,#4785);
#4109=AXIS2_PLACEMENT_3D('',#5706,#4786,#4787);
#4110=AXIS2_PLACEMENT_3D('',#5707,#4788,#4789);
#4111=AXIS2_PLACEMENT_3D('',#5709,#4790,#4791);
#4112=AXIS2_PLACEMENT_3D('',#5710,#4792,#4793);
#4113=AXIS2_PLACEMENT_3D('',#5711,#4794,#4795);
#4114=AXIS2_PLACEMENT_3D('',#5713,#4796,#4797);
#4115=AXIS2_PLACEMENT_3D('',#5714,#4798,#4799);
#4116=AXIS2_PLACEMENT_3D('',#5716,#4801,#4802);
#4117=AXIS2_PLACEMENT_3D('',#5718,#4804,#4805);
#4118=AXIS2_PLACEMENT_3D('',#5720,#4807,#4808);
#4119=AXIS2_PLACEMENT_3D('',#5722,#4810,#4811);
#4120=AXIS2_PLACEMENT_3D('',#5723,#4812,#4813);
#4121=AXIS2_PLACEMENT_3D('',#5726,#4816,#4817);
#4122=AXIS2_PLACEMENT_3D('',#5727,#4818,#4819);
#4123=AXIS2_PLACEMENT_3D('',#5728,#4820,#4821);
#4124=AXIS2_PLACEMENT_3D('',#5730,#4823,#4824);
#4125=AXIS2_PLACEMENT_3D('',#5732,#4826,#4827);
#4126=AXIS2_PLACEMENT_3D('',#5733,#4828,#4829);
#4127=AXIS2_PLACEMENT_3D('',#5736,#4832,#4833);
#4128=AXIS2_PLACEMENT_3D('',#5737,#4834,#4835);
#4129=AXIS2_PLACEMENT_3D('',#5738,#4836,#4837);
#4130=AXIS2_PLACEMENT_3D('',#5739,#4838,#4839);
#4131=AXIS2_PLACEMENT_3D('',#5760,#4858,#4859);
#4132=AXIS2_PLACEMENT_3D('',#5763,#4861,#4862);
#4133=AXIS2_PLACEMENT_3D('',#5769,#4866,#4867);
#4134=AXIS2_PLACEMENT_3D('',#5771,#4869,#4870);
#4135=AXIS2_PLACEMENT_3D('',#5773,#4872,#4873);
#4136=AXIS2_PLACEMENT_3D('',#5774,#4874,#4875);
#4137=AXIS2_PLACEMENT_3D('',#5775,#4876,#4877);
#4138=AXIS2_PLACEMENT_3D('',#5776,#4878,#4879);
#4139=AXIS2_PLACEMENT_3D('',#5777,#4880,#4881);
#4140=AXIS2_PLACEMENT_3D('',#5778,#4882,#4883);
#4141=AXIS2_PLACEMENT_3D('',#5779,#4884,#4885);
#4142=AXIS2_PLACEMENT_3D('',#5780,#4886,#4887);
#4143=AXIS2_PLACEMENT_3D('',#5782,#4889,#4890);
#4144=AXIS2_PLACEMENT_3D('',#5783,#4891,#4892);
#4145=AXIS2_PLACEMENT_3D('',#5785,#4894,#4895);
#4146=AXIS2_PLACEMENT_3D('',#5786,#4896,#4897);
#4147=AXIS2_PLACEMENT_3D('',#5788,#4899,#4900);
#4148=AXIS2_PLACEMENT_3D('',#5789,#4901,#4902);
#4149=AXIS2_PLACEMENT_3D('',#5790,#4903,#4904);
#4150=AXIS2_PLACEMENT_3D('',#5791,#4905,#4906);
#4151=AXIS2_PLACEMENT_3D('',#5792,#4907,#4908);
#4152=AXIS2_PLACEMENT_3D('',#5793,#4909,#4910);
#4153=AXIS2_PLACEMENT_3D('',#5794,#4911,#4912);
#4154=AXIS2_PLACEMENT_3D('',#5795,#4913,#4914);
#4155=DIRECTION('',(0.,0.,1.));
#4156=DIRECTION('',(1.,0.,0.));
#4157=DIRECTION('',(1.33020141963276E-16,-0.881830247738074,-0.471566977400038));
#4158=DIRECTION('',(0.,0.471566977400038,-0.881830247738074));
#4159=DIRECTION('',(6.19725989538841E-17,-0.471566977400038,0.881830247738074));
#4160=DIRECTION('',(1.14721965594494E-16,-0.471566977400038,0.881830247738074));
#4161=DIRECTION('',(-1.,-1.31418445149758E-16,-3.63286293157462E-17));
#4162=DIRECTION('',(7.11337657557626E-17,-0.471566977400038,0.881830247738074));
#4163=DIRECTION('',(-1.,-1.50845519650157E-16,0.));
#4164=DIRECTION('',(1.33020141963276E-16,-0.881830247738074,-0.471566977400038));
#4165=DIRECTION('',(0.,0.471566977400038,-0.881830247738074));
#4166=DIRECTION('',(1.67471332235103E-16,-0.471566977400038,0.881830247738074));
#4167=DIRECTION('',(-5.34111991724773E-16,0.471566977400038,-0.881830247738074));
#4168=DIRECTION('',(-1.,-1.50845519650157E-16,0.));
#4169=DIRECTION('',(-6.19725989538841E-17,0.471566977400038,-0.881830247738074));
#4170=DIRECTION('',(1.67471332235103E-16,-0.471566977400038,0.881830247738074));
#4171=DIRECTION('',(-1.,-1.31418445149758E-16,-3.63286293157462E-17));
#4172=DIRECTION('',(1.33020141963276E-16,-0.881830247738074,-0.471566977400038));
#4173=DIRECTION('',(0.,0.471566977400038,-0.881830247738074));
#4174=DIRECTION('',(1.14721965594494E-16,-0.471566977400038,0.881830247738074));
#4175=DIRECTION('',(-1.88606012246738E-16,0.471566977400038,-0.881830247738074));
#4176=DIRECTION('',(-1.,-1.50845519650157E-16,0.));
#4177=DIRECTION('',(6.19725989538841E-17,-0.471566977400038,0.881830247738074));
#4178=DIRECTION('',(1.14721965594494E-16,-0.471566977400038,0.881830247738074));
#4179=DIRECTION('',(-1.,-1.31418445149758E-16,-3.63286293157462E-17));
#4180=DIRECTION('',(1.33020141963276E-16,-0.881830247738074,-0.471566977400038));
#4181=DIRECTION('',(0.,0.471566977400038,-0.881830247738074));
#4182=DIRECTION('',(6.19725989538841E-17,-0.471566977400038,0.881830247738074));
#4183=DIRECTION('',(-1.09186538230973E-16,0.471566977400038,-0.881830247738074));
#4184=DIRECTION('',(-1.,-1.50845519650157E-16,0.));
#4185=DIRECTION('',(1.2172774085145E-16,-0.471566977400038,0.881830247738074));
#4186=DIRECTION('',(6.19725989538841E-17,-0.471566977400038,0.881830247738074));
#4187=DIRECTION('',(-1.,-1.31418445149758E-16,-3.63286293157462E-17));
#4188=DIRECTION('',(1.33020141963276E-16,-0.881830247738074,-0.471566977400038));
#4189=DIRECTION('',(0.,0.471566977400038,-0.881830247738074));
#4190=DIRECTION('',(1.16370383302013E-16,-0.471566977400038,0.881830247738074));
#4191=DIRECTION('',(-1.17374717269508E-16,0.471566977400038,-0.881830247738074));
#4192=DIRECTION('',(-1.,-1.50845519650157E-16,0.));
#4193=DIRECTION('',(1.89876581610881E-16,-0.471566977400038,0.881830247738074));
#4194=DIRECTION('',(1.14721965594494E-16,-0.471566977400038,0.881830247738074));
#4195=DIRECTION('',(-1.,-1.31418445149758E-16,-3.63286293157462E-17));
#4196=DIRECTION('',(1.33020141963276E-16,-0.881830247738074,-0.471566977400038));
#4197=DIRECTION('',(0.,0.471566977400038,-0.881830247738074));
#4198=DIRECTION('',(6.19725989538841E-17,-0.471566977400038,0.881830247738074));
#4199=DIRECTION('',(1.14721965594494E-16,-0.471566977400038,0.881830247738074));
#4200=DIRECTION('',(-1.,-1.31418445149758E-16,-3.63286293157462E-17));
#4201=DIRECTION('',(1.14721965594494E-16,-0.471566977400038,0.881830247738074));
#4202=DIRECTION('',(-3.15239425539593E-16,0.471566977400038,-0.881830247738074));
#4203=DIRECTION('',(-1.,-1.50845519650157E-16,0.));
#4204=DIRECTION('',(1.33020141963276E-16,-0.881830247738074,-0.471566977400038));
#4205=DIRECTION('',(0.,0.471566977400038,-0.881830247738074));
#4206=DIRECTION('',(1.14721965594494E-16,-0.471566977400038,0.881830247738074));
#4207=DIRECTION('',(-1.09186538230973E-16,0.471566977400038,-0.881830247738074));
#4208=DIRECTION('',(-1.,-1.50845519650157E-16,0.));
#4209=DIRECTION('',(-6.19725989538841E-17,0.471566977400038,-0.881830247738074));
#4210=DIRECTION('',(6.19725989538841E-17,-0.471566977400038,0.881830247738074));
#4211=DIRECTION('',(-1.,-1.31418445149758E-16,-3.63286293157462E-17));
#4212=DIRECTION('',(1.,1.31418445149758E-16,-5.35408480239755E-16));
#4213=DIRECTION('',(-5.35408480239755E-16,0.,-1.));
#4214=DIRECTION('',(1.31418445149758E-16,-1.,0.));
#4215=DIRECTION('',(1.31418445149758E-16,-1.,0.));
#4216=DIRECTION('',(5.35408480239755E-16,7.03625499931036E-32,1.));
#4217=DIRECTION('',(0.,0.,-1.));
#4218=DIRECTION('',(0.,1.,0.));
#4219=DIRECTION('',(1.31418445149758E-16,-1.,0.));
#4220=DIRECTION('',(1.31418445149758E-16,-1.,0.));
#4221=DIRECTION('',(1.,1.31418445149758E-16,0.));
#4222=DIRECTION('',(1.31418445149758E-16,-1.,0.));
#4223=DIRECTION('',(1.31418445149758E-16,-1.,0.));
#4224=DIRECTION('',(1.31418445149758E-16,-1.,0.));
#4225=DIRECTION('',(1.,1.31418445149758E-16,0.));
#4226=DIRECTION('',(-1.,-1.31418445149758E-16,0.));
#4227=DIRECTION('',(-1.31418445149758E-16,1.,0.));
#4228=DIRECTION('',(-1.31418445149758E-16,1.,0.));
#4229=DIRECTION('',(0.,0.,-1.));
#4230=DIRECTION('',(1.,1.31418445149758E-16,-1.43602936753047E-16));
#4231=DIRECTION('',(-1.43602936753047E-16,0.,-1.));
#4232=DIRECTION('',(1.31418445149758E-16,-1.,0.));
#4233=DIRECTION('',(1.31418445149758E-16,-1.,0.));
#4234=DIRECTION('',(1.43602936753047E-16,1.88720746670245E-32,1.));
#4235=DIRECTION('',(0.,0.,-1.));
#4236=DIRECTION('',(0.,1.,0.));
#4237=DIRECTION('',(1.31418445149758E-16,-1.,0.));
#4238=DIRECTION('',(1.31418445149758E-16,-1.,0.));
#4239=DIRECTION('',(1.,1.31418445149758E-16,0.));
#4240=DIRECTION('',(1.31418445149758E-16,-1.,0.));
#4241=DIRECTION('',(1.31418445149758E-16,-1.,0.));
#4242=DIRECTION('',(1.31418445149758E-16,-1.,0.));
#4243=DIRECTION('',(1.,1.31418445149758E-16,0.));
#4244=DIRECTION('',(1.,1.31418445149758E-16,0.));
#4245=DIRECTION('',(1.31418445149758E-16,-1.,0.));
#4246=DIRECTION('',(1.31418445149758E-16,-1.,0.));
#4247=DIRECTION('',(0.,0.,1.));
#4248=DIRECTION('',(1.,1.31418445149758E-16,-5.35408480239755E-17));
#4249=DIRECTION('',(1.31418445149758E-16,-1.,0.));
#4250=DIRECTION('',(1.31418445149758E-16,-1.,0.));
#4251=DIRECTION('',(1.31418445149758E-16,-1.,0.));
#4252=DIRECTION('',(5.35408480239755E-17,7.03625499931036E-33,1.));
#4253=DIRECTION('',(0.,0.,-1.));
#4254=DIRECTION('',(0.,1.,0.));
#4255=DIRECTION('',(1.31418445149758E-16,-1.,0.));
#4256=DIRECTION('',(1.31418445149758E-16,-1.,0.));
#4257=DIRECTION('',(1.,1.31418445149758E-16,0.));
#4258=DIRECTION('',(1.31418445149758E-16,-1.,0.));
#4259=DIRECTION('',(1.31418445149758E-16,-1.,0.));
#4260=DIRECTION('',(1.31418445149758E-16,-1.,0.));
#4261=DIRECTION('',(1.,1.31418445149758E-16,0.));
#4262=DIRECTION('',(-1.,-1.31418445149758E-16,0.));
#4263=DIRECTION('',(-1.31418445149758E-16,1.,0.));
#4264=DIRECTION('',(-1.31418445149758E-16,1.,0.));
#4265=DIRECTION('',(0.,0.,-1.));
#4266=DIRECTION('',(0.,0.,-1.));
#4267=DIRECTION('',(0.,1.,0.));
#4268=DIRECTION('',(1.31418445149758E-16,-1.,0.));
#4269=DIRECTION('',(1.31418445149758E-16,-1.,0.));
#4270=DIRECTION('',(1.31418445149758E-16,-1.,0.));
#4271=DIRECTION('',(1.,1.31418445149758E-16,0.));
#4272=DIRECTION('',(1.31418445149758E-16,-1.,0.));
#4273=DIRECTION('',(1.31418445149758E-16,-1.,0.));
#4274=DIRECTION('',(1.31418445149758E-16,-1.,0.));
#4275=DIRECTION('',(1.,1.31418445149758E-16,0.));
#4276=DIRECTION('',(-1.,-1.31418445149758E-16,6.77626357803441E-17));
#4277=DIRECTION('',(-1.31418445149758E-16,1.,0.));
#4278=DIRECTION('',(-1.31418445149758E-16,1.,0.));
#4279=DIRECTION('',(-6.77626357803441E-17,-8.90526023350218E-33,-1.));
#4280=DIRECTION('',(1.,1.31418445149758E-16,-6.2826284829458E-17));
#4281=DIRECTION('',(1.31418445149758E-16,-1.,0.));
#4282=DIRECTION('',(1.31418445149758E-16,-1.,0.));
#4283=DIRECTION('',(6.2826284829458E-17,8.25653266682321E-33,1.));
#4284=DIRECTION('',(0.,0.,-1.));
#4285=DIRECTION('',(0.,1.,0.));
#4286=DIRECTION('',(1.31418445149758E-16,-1.,0.));
#4287=DIRECTION('',(1.31418445149758E-16,-1.,0.));
#4288=DIRECTION('',(1.31418445149758E-16,-1.,0.));
#4289=DIRECTION('',(1.,1.31418445149758E-16,0.));
#4290=DIRECTION('',(1.31418445149758E-16,-1.,0.));
#4291=DIRECTION('',(1.31418445149758E-16,-1.,0.));
#4292=DIRECTION('',(1.31418445149758E-16,-1.,0.));
#4293=DIRECTION('',(1.,1.31418445149758E-16,0.));
#4294=DIRECTION('',(-1.,-1.31418445149758E-16,1.45043768894382E-16));
#4295=DIRECTION('',(1.45043768894382E-16,0.,1.));
#4296=DIRECTION('',(-1.31418445149758E-16,1.,0.));
#4297=DIRECTION('',(-1.45043768894382E-16,-1.90614265867605E-32,-1.));
#4298=DIRECTION('',(1.,1.31418445149758E-16,-5.35408480239755E-17));
#4299=DIRECTION('',(1.31418445149758E-16,-1.,0.));
#4300=DIRECTION('',(1.31418445149758E-16,-1.,0.));
#4301=DIRECTION('',(5.35408480239755E-17,7.03625499931036E-33,1.));
#4302=DIRECTION('',(0.,0.,-1.));
#4303=DIRECTION('',(0.,1.,0.));
#4304=DIRECTION('',(1.31418445149758E-16,-1.,0.));
#4305=DIRECTION('',(1.31418445149758E-16,-1.,0.));
#4306=DIRECTION('',(1.31418445149758E-16,-1.,0.));
#4307=DIRECTION('',(1.,1.31418445149758E-16,0.));
#4308=DIRECTION('',(1.31418445149758E-16,-1.,0.));
#4309=DIRECTION('',(1.31418445149758E-16,-1.,0.));
#4310=DIRECTION('',(1.31418445149758E-16,-1.,0.));
#4311=DIRECTION('',(1.,1.31418445149758E-16,0.));
#4312=DIRECTION('',(1.,1.31418445149758E-16,0.));
#4313=DIRECTION('',(1.31418445149758E-16,-1.,0.));
#4314=DIRECTION('',(1.31418445149758E-16,-1.,0.));
#4315=DIRECTION('',(0.,0.,1.));
#4316=DIRECTION('',(1.,1.31418445149758E-16,-2.87205873506094E-16));
#4317=DIRECTION('',(-2.87205873506094E-16,0.,-1.));
#4318=DIRECTION('',(1.31418445149758E-16,-1.,0.));
#4319=DIRECTION('',(2.87205873506094E-16,3.7744149334049E-32,1.));
#4320=DIRECTION('',(0.,0.,-1.));
#4321=DIRECTION('',(0.,1.,0.));
#4322=DIRECTION('',(1.31418445149758E-16,-1.,0.));
#4323=DIRECTION('',(1.31418445149758E-16,-1.,0.));
#4324=DIRECTION('',(1.31418445149758E-16,-1.,0.));
#4325=DIRECTION('',(1.,1.31418445149758E-16,0.));
#4326=DIRECTION('',(1.31418445149758E-16,-1.,0.));
#4327=DIRECTION('',(1.31418445149758E-16,-1.,0.));
#4328=DIRECTION('',(1.31418445149758E-16,-1.,0.));
#4329=DIRECTION('',(1.,1.31418445149758E-16,0.));
#4330=DIRECTION('',(-1.,-1.31418445149758E-16,0.));
#4331=DIRECTION('',(-1.31418445149758E-16,1.,0.));
#4332=DIRECTION('',(-1.31418445149758E-16,1.,0.));
#4333=DIRECTION('',(0.,0.,-1.));
#4334=DIRECTION('',(1.,1.31418445149758E-16,0.));
#4335=DIRECTION('',(1.31418445149758E-16,-1.,0.));
#4336=DIRECTION('',(1.31418445149758E-16,-1.,0.));
#4337=DIRECTION('',(-6.19725989538841E-17,0.471566977400038,-0.881830247738074));
#4338=DIRECTION('',(0.,0.,1.));
#4339=DIRECTION('',(-1.31418445149758E-16,1.,0.));
#4340=DIRECTION('',(1.,1.31418445149758E-16,0.));
#4341=DIRECTION('',(5.9818050895752E-17,7.86119524060882E-33,1.));
#4342=DIRECTION('',(-1.,-1.31418445149758E-16,-3.63286293157463E-17));
#4343=DIRECTION('',(0.,0.,1.));
#4344=DIRECTION('',(1.,1.31418445149758E-16,0.));
#4345=DIRECTION('',(0.,0.,1.));
#4346=DIRECTION('',(-1.,-1.31418445149758E-16,-3.63286293157463E-17));
#4347=DIRECTION('',(1.19636101791504E-16,1.57223904812176E-32,1.));
#4348=DIRECTION('',(-1.,-1.31418445149758E-16,-3.63286293157462E-17));
#4349=DIRECTION('',(0.,0.,1.));
#4350=DIRECTION('',(1.,1.31418445149758E-16,0.));
#4351=DIRECTION('',(1.,1.31418445149758E-16,0.));
#4352=DIRECTION('',(1.,1.31418445149758E-16,0.));
#4353=DIRECTION('',(1.,1.31418445149758E-16,0.));
#4354=DIRECTION('',(1.,1.31418445149758E-16,0.));
#4355=DIRECTION('',(1.,1.31418445149758E-16,0.));
#4356=DIRECTION('',(1.,1.31418445149758E-16,0.));
#4357=DIRECTION('',(1.,1.31418445149758E-16,0.));
#4358=DIRECTION('',(0.,0.,1.));
#4359=DIRECTION('',(1.19636101791504E-16,1.57223904812176E-32,1.));
#4360=DIRECTION('',(-1.,-1.31418445149758E-16,-3.63286293157463E-17));
#4361=DIRECTION('',(1.19636101791504E-16,1.57223904812176E-32,1.));
#4362=DIRECTION('',(5.9818050895752E-17,7.86119524060882E-33,1.));
#4363=DIRECTION('',(-1.,-1.31418445149758E-16,-3.63286293157463E-17));
#4364=DIRECTION('',(5.9818050895752E-17,7.86119524060882E-33,1.));
#4365=DIRECTION('',(0.,0.,1.));
#4366=DIRECTION('',(-1.,-1.31418445149758E-16,-3.63286293157463E-17));
#4367=DIRECTION('',(0.,0.,1.));
#4368=DIRECTION('',(5.9818050895752E-17,7.86119524060882E-33,1.));
#4369=DIRECTION('',(-1.,-1.31418445149758E-16,-3.63286293157463E-17));
#4370=DIRECTION('',(6.16873649862442E-17,8.10685759187784E-33,1.));
#4371=DIRECTION('',(5.98180508957519E-17,7.86119524060882E-33,1.));
#4372=DIRECTION('',(-1.,-1.31418445149758E-16,-3.63286293157463E-17));
#4373=DIRECTION('',(5.98180508957519E-17,7.86119524060882E-33,1.));
#4374=DIRECTION('',(-1.,-1.31418445149758E-16,-3.63286293157463E-17));
#4375=DIRECTION('',(5.9818050895752E-17,7.86119524060882E-33,1.));
#4376=DIRECTION('',(0.,0.,1.));
#4377=DIRECTION('',(1.,1.31418445149758E-16,0.));
#4378=DIRECTION('',(1.31418445149758E-16,-1.,0.));
#4379=DIRECTION('',(-1.31418445149758E-16,1.,0.));
#4380=DIRECTION('',(6.19725989538841E-17,-0.471566977400038,0.881830247738074));
#4381=DIRECTION('',(1.,1.31418445149758E-16,0.));
#4382=DIRECTION('',(1.31418445149758E-16,-1.,0.));
#4383=DIRECTION('',(-1.50845519650157E-16,1.,0.));
#4384=DIRECTION('',(0.,0.,1.));
#4385=DIRECTION('',(0.,-1.,0.));
#4386=DIRECTION('',(0.,0.,1.));
#4387=DIRECTION('',(0.,-1.,0.));
#4388=DIRECTION('',(0.,0.,1.));
#4389=DIRECTION('',(0.,-1.,0.));
#4390=DIRECTION('',(0.,0.,1.));
#4391=DIRECTION('',(0.,-1.,0.));
#4392=DIRECTION('',(0.,0.,1.));
#4393=DIRECTION('',(0.,-1.,0.));
#4394=DIRECTION('',(0.,0.,1.));
#4395=DIRECTION('',(0.,-1.,0.));
#4396=DIRECTION('',(0.,0.,1.));
#4397=DIRECTION('',(0.,-1.,0.));
#4398=DIRECTION('',(-1.,-1.50845519650157E-16,0.));
#4399=DIRECTION('',(1.33020141963276E-16,-0.881830247738074,-0.471566977400038));
#4400=DIRECTION('',(0.,0.471566977400038,-0.881830247738074));
#4401=DIRECTION('',(1.67471332235103E-16,-0.471566977400038,0.881830247738074));
#4402=DIRECTION('',(0.,0.,1.));
#4403=DIRECTION('',(0.,-1.,0.));
#4404=DIRECTION('',(1.,1.31418445149758E-16,-5.98180508957519E-17));
#4405=DIRECTION('',(1.31418445149758E-16,-1.,0.));
#4406=DIRECTION('',(-1.14721965594494E-16,0.471566977400038,-0.881830247738074));
#4407=DIRECTION('',(1.,1.31418445149758E-16,0.));
#4408=DIRECTION('',(1.31418445149758E-16,-1.,0.));
#4409=DIRECTION('',(-6.19725989538841E-17,0.471566977400038,-0.881830247738074));
#4410=DIRECTION('',(1.,1.31418445149758E-16,-1.19636101791504E-16));
#4411=DIRECTION('',(1.31418445149758E-16,-1.,0.));
#4412=DIRECTION('',(-1.67471332235103E-16,0.471566977400038,-0.881830247738074));
#4413=DIRECTION('',(1.,1.31418445149758E-16,-5.98180508957519E-17));
#4414=DIRECTION('',(1.31418445149758E-16,-1.,0.));
#4415=DIRECTION('',(-1.14721965594494E-16,0.471566977400038,-0.881830247738074));
#4416=DIRECTION('',(1.,1.31418445149758E-16,-5.9818050895752E-17));
#4417=DIRECTION('',(1.31418445149758E-16,-1.,0.));
#4418=DIRECTION('',(-1.14721965594494E-16,0.471566977400038,-0.881830247738074));
#4419=DIRECTION('',(1.,1.31418445149758E-16,-5.9818050895752E-17));
#4420=DIRECTION('',(1.31418445149758E-16,-1.,0.));
#4421=DIRECTION('',(-1.14721965594494E-16,0.471566977400038,-0.881830247738074));
#4422=DIRECTION('',(1.,1.31418445149758E-16,-6.16873649862442E-17));
#4423=DIRECTION('',(1.31418445149758E-16,-1.,0.));
#4424=DIRECTION('',(-1.16370383302013E-16,0.471566977400038,-0.881830247738074));
#4425=DIRECTION('',(1.,1.31418445149758E-16,0.));
#4426=DIRECTION('',(1.31418445149758E-16,-1.,0.));
#4427=DIRECTION('',(-6.19725989538841E-17,0.471566977400038,-0.881830247738074));
#4428=DIRECTION('',(1.,1.31418445149758E-16,0.));
#4429=DIRECTION('',(1.31418445149758E-16,-1.,0.));
#4430=DIRECTION('',(-6.19725989538841E-17,0.471566977400038,-0.881830247738074));
#4431=DIRECTION('',(1.,1.31418445149758E-16,-5.9818050895752E-17));
#4432=DIRECTION('',(1.31418445149758E-16,-1.,0.));
#4433=DIRECTION('',(-1.14721965594494E-16,0.471566977400038,-0.881830247738074));
#4434=DIRECTION('',(1.,1.31418445149758E-16,-5.9818050895752E-17));
#4435=DIRECTION('',(1.31418445149758E-16,-1.,0.));
#4436=DIRECTION('',(-1.14721965594494E-16,0.471566977400038,-0.881830247738074));
#4437=DIRECTION('',(1.,1.31418445149758E-16,-1.19636101791504E-16));
#4438=DIRECTION('',(1.31418445149758E-16,-1.,0.));
#4439=DIRECTION('',(-1.67471332235103E-16,0.471566977400038,-0.881830247738074));
#4440=DIRECTION('',(1.,1.31418445149758E-16,-1.19636101791504E-16));
#4441=DIRECTION('',(1.31418445149758E-16,-1.,0.));
#4442=DIRECTION('',(-1.67471332235103E-16,0.471566977400038,-0.881830247738074));
#4443=DIRECTION('',(1.,1.31418445149758E-16,-5.9818050895752E-17));
#4444=DIRECTION('',(1.31418445149758E-16,-1.,0.));
#4445=DIRECTION('',(-1.14721965594494E-16,0.471566977400038,-0.881830247738074));
#4446=DIRECTION('',(1.33020141963276E-16,-0.881830247738074,-0.471566977400038));
#4447=DIRECTION('',(0.,0.471566977400038,-0.881830247738074));
#4448=DIRECTION('',(-6.19725989538841E-17,0.471566977400038,-0.881830247738074));
#4449=DIRECTION('',(-1.,-1.50845519650157E-16,0.));
#4450=DIRECTION('',(-5.34111991724773E-16,0.471566977400038,-0.881830247738074));
#4451=DIRECTION('',(1.33020141963276E-16,-0.881830247738074,-0.471566977400038));
#4452=DIRECTION('',(0.,0.471566977400038,-0.881830247738074));
#4453=DIRECTION('',(6.19725989538841E-17,-0.471566977400038,0.881830247738074));
#4454=DIRECTION('',(-1.,-1.50845519650157E-16,0.));
#4455=DIRECTION('',(-1.88606012246738E-16,0.471566977400038,-0.881830247738074));
#4456=DIRECTION('',(1.33020141963276E-16,-0.881830247738074,-0.471566977400038));
#4457=DIRECTION('',(0.,0.471566977400038,-0.881830247738074));
#4458=DIRECTION('',(1.2172774085145E-16,-0.471566977400038,0.881830247738074));
#4459=DIRECTION('',(-1.,-1.50845519650157E-16,0.));
#4460=DIRECTION('',(-1.09186538230973E-16,0.471566977400038,-0.881830247738074));
#4461=DIRECTION('',(1.33020141963276E-16,-0.881830247738074,-0.471566977400038));
#4462=DIRECTION('',(0.,0.471566977400038,-0.881830247738074));
#4463=DIRECTION('',(1.89876581610881E-16,-0.471566977400038,0.881830247738074));
#4464=DIRECTION('',(-1.,-1.50845519650157E-16,0.));
#4465=DIRECTION('',(-1.17374717269508E-16,0.471566977400038,-0.881830247738074));
#4466=DIRECTION('',(1.33020141963276E-16,-0.881830247738074,-0.471566977400038));
#4467=DIRECTION('',(0.,0.471566977400038,-0.881830247738074));
#4468=DIRECTION('',(-6.19725989538841E-17,0.471566977400038,-0.881830247738074));
#4469=DIRECTION('',(-1.,-1.50845519650157E-16,0.));
#4470=DIRECTION('',(-1.09186538230973E-16,0.471566977400038,-0.881830247738074));
#4471=DIRECTION('',(1.33020141963276E-16,-0.881830247738074,-0.471566977400038));
#4472=DIRECTION('',(0.,0.471566977400038,-0.881830247738074));
#4473=DIRECTION('',(6.19725989538841E-17,-0.471566977400038,0.881830247738074));
#4474=DIRECTION('',(-1.,-1.50845519650157E-16,0.));
#4475=DIRECTION('',(-6.19725989538841E-17,0.471566977400038,-0.881830247738074));
#4476=DIRECTION('',(1.33020141963276E-16,-0.881830247738074,-0.471566977400038));
#4477=DIRECTION('',(0.,0.471566977400038,-0.881830247738074));
#4478=DIRECTION('',(6.19725989538841E-17,-0.471566977400038,0.881830247738074));
#4479=DIRECTION('',(-1.,-1.50845519650157E-16,0.));
#4480=DIRECTION('',(-3.15239425539593E-16,0.471566977400038,-0.881830247738074));
#4481=DIRECTION('',(1.,1.31418445149758E-16,0.));
#4482=DIRECTION('',(1.31418445149758E-16,-1.,0.));
#4483=DIRECTION('',(1.,1.31418445149758E-16,0.));
#4484=DIRECTION('',(1.31418445149758E-16,-1.,0.));
#4485=DIRECTION('',(1.31418445149758E-16,-1.,0.));
#4486=DIRECTION('',(0.,0.,1.));
#4487=DIRECTION('',(1.31418445149758E-16,-1.,0.));
#4488=DIRECTION('',(0.,0.,-1.));
#4489=DIRECTION('',(1.31418445149758E-16,-1.,0.));
#4490=DIRECTION('',(-1.,-1.31418445149758E-16,0.));
#4491=DIRECTION('',(-1.31418445149758E-16,1.,0.));
#4492=DIRECTION('',(-1.,-1.31418445149758E-16,0.));
#4493=DIRECTION('',(-1.31418445149758E-16,1.,0.));
#4494=DIRECTION('',(6.19725989538841E-17,-0.471566977400038,0.881830247738074));
#4495=DIRECTION('',(0.,0.,-1.));
#4496=DIRECTION('',(1.31418445149758E-16,-1.,0.));
#4497=DIRECTION('',(1.,1.31418445149758E-16,-5.35408480239755E-16));
#4498=DIRECTION('',(-5.35408480239755E-16,0.,-1.));
#4499=DIRECTION('',(1.,1.31418445149758E-16,-5.35408480239755E-16));
#4500=DIRECTION('',(-5.35408480239755E-16,0.,-1.));
#4501=DIRECTION('',(1.31418445149758E-16,-1.,0.));
#4502=DIRECTION('',(5.35408480239755E-16,7.03625499931036E-32,1.));
#4503=DIRECTION('',(-1.,-1.31418445149758E-16,0.));
#4504=DIRECTION('',(-1.31418445149758E-16,1.,0.));
#4505=DIRECTION('',(-1.,-1.31418445149758E-16,0.));
#4506=DIRECTION('',(-1.31418445149758E-16,1.,0.));
#4507=DIRECTION('',(0.,0.,-1.));
#4508=DIRECTION('',(1.31418445149758E-16,-1.,0.));
#4509=DIRECTION('',(1.,1.31418445149758E-16,-5.35408480239755E-17));
#4510=DIRECTION('',(1.31418445149758E-16,-1.,0.));
#4511=DIRECTION('',(1.,1.31418445149758E-16,-5.35408480239755E-17));
#4512=DIRECTION('',(1.31418445149758E-16,-1.,0.));
#4513=DIRECTION('',(1.31418445149758E-16,-1.,0.));
#4514=DIRECTION('',(5.35408480239755E-17,7.03625499931036E-33,1.));
#4515=DIRECTION('',(1.,1.31418445149758E-16,0.));
#4516=DIRECTION('',(1.31418445149758E-16,-1.,0.));
#4517=DIRECTION('',(0.,0.,1.));
#4518=DIRECTION('',(1.31418445149758E-16,-1.,0.));
#4519=DIRECTION('',(1.,1.31418445149758E-16,0.));
#4520=DIRECTION('',(1.31418445149758E-16,-1.,0.));
#4521=DIRECTION('',(1.,1.31418445149758E-16,-1.43602936753047E-16));
#4522=DIRECTION('',(-1.43602936753047E-16,0.,-1.));
#4523=DIRECTION('',(1.,1.31418445149758E-16,-1.43602936753047E-16));
#4524=DIRECTION('',(-1.43602936753047E-16,0.,-1.));
#4525=DIRECTION('',(1.31418445149758E-16,-1.,0.));
#4526=DIRECTION('',(1.43602936753047E-16,1.88720746670245E-32,1.));
#4527=DIRECTION('',(1.,1.31418445149758E-16,-6.2826284829458E-17));
#4528=DIRECTION('',(1.31418445149758E-16,-1.,0.));
#4529=DIRECTION('',(1.,1.31418445149758E-16,-6.2826284829458E-17));
#4530=DIRECTION('',(1.31418445149758E-16,-1.,0.));
#4531=DIRECTION('',(1.31418445149758E-16,-1.,0.));
#4532=DIRECTION('',(6.2826284829458E-17,8.25653266682321E-33,1.));
#4533=DIRECTION('',(-1.,-1.31418445149758E-16,6.77626357803441E-17));
#4534=DIRECTION('',(-1.31418445149758E-16,1.,0.));
#4535=DIRECTION('',(-1.,-1.31418445149758E-16,6.77626357803441E-17));
#4536=DIRECTION('',(-1.31418445149758E-16,1.,0.));
#4537=DIRECTION('',(-6.77626357803441E-17,-8.90526023350218E-33,-1.));
#4538=DIRECTION('',(1.31418445149758E-16,-1.,0.));
#4539=DIRECTION('',(1.,1.31418445149758E-16,-5.35408480239755E-17));
#4540=DIRECTION('',(1.31418445149758E-16,-1.,0.));
#4541=DIRECTION('',(1.,1.31418445149758E-16,-5.35408480239755E-17));
#4542=DIRECTION('',(1.31418445149758E-16,-1.,0.));
#4543=DIRECTION('',(1.31418445149758E-16,-1.,0.));
#4544=DIRECTION('',(5.35408480239755E-17,7.03625499931036E-33,1.));
#4545=DIRECTION('',(-1.,-1.31418445149758E-16,1.45043768894382E-16));
#4546=DIRECTION('',(1.45043768894382E-16,0.,1.));
#4547=DIRECTION('',(-1.,-1.31418445149758E-16,1.45043768894382E-16));
#4548=DIRECTION('',(1.45043768894382E-16,0.,1.));
#4549=DIRECTION('',(-1.45043768894382E-16,-1.90614265867605E-32,-1.));
#4550=DIRECTION('',(1.31418445149758E-16,-1.,0.));
#4551=DIRECTION('',(1.,1.31418445149758E-16,-2.87205873506094E-16));
#4552=DIRECTION('',(-2.87205873506094E-16,0.,-1.));
#4553=DIRECTION('',(1.,1.31418445149758E-16,-2.87205873506094E-16));
#4554=DIRECTION('',(-2.87205873506094E-16,0.,-1.));
#4555=DIRECTION('',(1.31418445149758E-16,-1.,0.));
#4556=DIRECTION('',(2.87205873506094E-16,3.7744149334049E-32,1.));
#4557=DIRECTION('',(1.,1.31418445149758E-16,0.));
#4558=DIRECTION('',(1.31418445149758E-16,-1.,0.));
#4559=DIRECTION('',(0.,0.,1.));
#4560=DIRECTION('',(1.31418445149758E-16,-1.,0.));
#4561=DIRECTION('',(1.,1.31418445149758E-16,0.));
#4562=DIRECTION('',(1.31418445149758E-16,-1.,0.));
#4563=DIRECTION('',(1.,1.31418445149758E-16,0.));
#4564=DIRECTION('',(1.31418445149758E-16,-1.,0.));
#4565=DIRECTION('',(1.,1.31418445149758E-16,0.));
#4566=DIRECTION('',(1.31418445149758E-16,-1.,0.));
#4567=DIRECTION('',(1.31418445149758E-16,-1.,0.));
#4568=DIRECTION('',(0.,0.,1.));
#4569=DIRECTION('',(-1.,-1.31418445149758E-16,0.));
#4570=DIRECTION('',(-1.31418445149758E-16,1.,0.));
#4571=DIRECTION('',(-1.,-1.31418445149758E-16,0.));
#4572=DIRECTION('',(-1.31418445149758E-16,1.,0.));
#4573=DIRECTION('',(0.,0.,-1.));
#4574=DIRECTION('',(1.31418445149758E-16,-1.,0.));
#4575=DIRECTION('',(-1.,-3.06127672231202E-16,0.));
#4576=DIRECTION('',(-3.06127672231202E-16,1.,0.));
#4577=DIRECTION('',(1.31418445149758E-16,-1.,0.));
#4578=DIRECTION('',(0.,0.,-1.));
#4579=DIRECTION('',(1.31418445149758E-16,-1.,0.));
#4580=DIRECTION('',(0.,0.,-1.));
#4581=DIRECTION('',(-3.06127672231202E-16,1.,0.));
#4582=DIRECTION('',(0.,0.,-1.));
#4583=DIRECTION('',(0.,-1.,0.));
#4584=DIRECTION('',(-1.,0.,0.));
#4585=DIRECTION('',(0.,0.,-1.));
#4586=DIRECTION('',(1.,0.,1.03850782805125E-16));
#4587=DIRECTION('',(0.,0.,-1.));
#4588=DIRECTION('',(-1.,0.,0.));
#4589=DIRECTION('',(0.,0.,-1.));
#4590=DIRECTION('',(-1.,0.,0.));
#4591=DIRECTION('',(0.,0.,-1.));
#4592=DIRECTION('',(1.,0.,0.));
#4593=DIRECTION('',(-1.,0.,0.));
#4594=DIRECTION('',(0.,1.,0.));
#4595=DIRECTION('',(0.,0.,-1.));
#4596=DIRECTION('',(1.31418445149758E-16,-1.,0.));
#4597=DIRECTION('',(0.,0.,-1.));
#4598=DIRECTION('',(0.,1.,0.));
#4599=DIRECTION('',(0.,0.,-1.));
#4600=DIRECTION('',(1.31418445149758E-16,-1.,0.));
#4601=DIRECTION('',(-1.,0.,0.));
#4602=DIRECTION('',(0.,1.,0.));
#4603=DIRECTION('',(0.,-1.,0.));
#4604=DIRECTION('',(0.,0.,-1.));
#4605=DIRECTION('',(0.,1.,0.));
#4606=DIRECTION('',(0.,1.,0.));
#4607=DIRECTION('',(1.,0.,0.));
#4608=DIRECTION('',(0.,1.,0.));
#4609=DIRECTION('',(0.,-1.,0.));
#4610=DIRECTION('',(0.95,0.,0.312249899919917));
#4611=DIRECTION('',(0.,1.,0.));
#4612=DIRECTION('',(0.,-1.,0.));
#4613=DIRECTION('',(0.95,0.,0.312249899919917));
#4614=DIRECTION('',(0.,1.,0.));
#4615=DIRECTION('',(-0.707106781186548,0.707106781186548,0.));
#4616=DIRECTION('',(0.707106781186548,0.707106781186548,0.));
#4617=DIRECTION('',(0.,1.,0.));
#4618=DIRECTION('',(0.,-1.,0.));
#4619=DIRECTION('',(0.95,0.,0.312249899919917));
#4620=DIRECTION('',(0.,1.,0.));
#4621=DIRECTION('',(0.,-1.,0.));
#4622=DIRECTION('',(0.95,0.,0.312249899919917));
#4623=DIRECTION('',(0.,1.,0.));
#4624=DIRECTION('',(0.,1.,0.));
#4625=DIRECTION('',(0.,-1.,0.));
#4626=DIRECTION('',(0.95,0.,0.312249899919917));
#4627=DIRECTION('',(0.,1.,0.));
#4628=DIRECTION('',(0.,-1.,0.));
#4629=DIRECTION('',(1.,0.,0.));
#4630=DIRECTION('',(0.,0.,-1.));
#4631=DIRECTION('',(0.,0.,-1.));
#4632=DIRECTION('',(0.,1.,0.));
#4633=DIRECTION('',(1.,0.,0.));
#4634=DIRECTION('',(0.,1.,0.));
#4635=DIRECTION('',(0.,-1.,0.));
#4636=DIRECTION('',(-0.95,0.,-0.312249899919917));
#4637=DIRECTION('',(0.,1.,0.));
#4638=DIRECTION('',(0.,1.,0.));
#4639=DIRECTION('',(0.,-1.,0.));
#4640=DIRECTION('',(-0.95,0.,-0.312249899919917));
#4641=DIRECTION('',(0.,1.,0.));
#4642=DIRECTION('',(0.,-1.,0.));
#4643=DIRECTION('',(-0.95,0.,-0.312249899919917));
#4644=DIRECTION('',(0.,1.,0.));
#4645=DIRECTION('',(-0.707106781186548,-0.707106781186548,0.));
#4646=DIRECTION('',(-0.707106781186548,0.707106781186548,0.));
#4647=DIRECTION('',(0.,1.,0.));
#4648=DIRECTION('',(0.,-1.,0.));
#4649=DIRECTION('',(-0.95,0.,-0.312249899919917));
#4650=DIRECTION('',(0.,1.,0.));
#4651=DIRECTION('',(0.,-1.,0.));
#4652=DIRECTION('',(-0.95,0.,-0.312249899919917));
#4653=DIRECTION('',(0.,1.,0.));
#4654=DIRECTION('',(0.,-1.,0.));
#4655=DIRECTION('',(1.,0.,0.));
#4656=DIRECTION('',(0.,0.,-1.));
#4657=DIRECTION('',(0.,1.,0.));
#4658=DIRECTION('',(1.,0.,0.));
#4659=DIRECTION('',(-1.,0.,-1.03850782805125E-16));
#4660=DIRECTION('',(0.,0.,-1.));
#4661=DIRECTION('',(1.,0.,0.));
#4662=DIRECTION('',(-1.,0.,0.));
#4663=DIRECTION('',(0.,1.,0.));
#4664=DIRECTION('',(0.,-1.,-1.36479084038348E-32));
#4665=DIRECTION('',(0.,0.,-1.));
#4666=DIRECTION('',(0.,1.,0.));
#4667=DIRECTION('',(0.,1.,0.));
#4668=DIRECTION('',(1.,0.,0.));
#4669=DIRECTION('',(-1.,0.,-1.03850782805125E-16));
#4670=DIRECTION('',(0.,0.,-1.));
#4671=DIRECTION('',(1.,0.,0.));
#4672=DIRECTION('',(-1.,0.,0.));
#4673=DIRECTION('',(0.,1.,0.));
#4674=DIRECTION('',(0.,-1.,-1.36479084038348E-32));
#4675=DIRECTION('',(0.,1.,0.));
#4676=DIRECTION('',(1.,1.50845519650157E-16,0.));
#4677=DIRECTION('',(1.50845519650157E-16,-1.,0.));
#4678=DIRECTION('',(1.50845519650157E-16,-1.,0.));
#4679=DIRECTION('',(0.,0.,-1.));
#4680=DIRECTION('',(0.,0.,-1.));
#4681=DIRECTION('',(0.,0.,-1.));
#4682=DIRECTION('',(1.50845519650157E-16,-1.,0.));
#4683=DIRECTION('',(0.,0.,-1.));
#4684=DIRECTION('',(0.,-1.,0.));
#4685=DIRECTION('',(-1.,0.,0.));
#4686=DIRECTION('',(0.,-1.,0.));
#4687=DIRECTION('',(0.993605249531964,0.,0.112909734312522));
#4688=DIRECTION('',(0.,-1.,0.));
#4689=DIRECTION('',(0.999621755575152,0.,-0.0275017414148859));
#4690=DIRECTION('',(0.,-1.,0.));
#4691=DIRECTION('',(0.997517908050424,0.,0.0704132311338274));
#4692=DIRECTION('',(0.,-1.,0.));
#4693=DIRECTION('',(0.999621755575152,0.,-0.0275017414148856));
#4694=DIRECTION('',(-1.,0.,0.));
#4695=DIRECTION('',(0.,0.,-1.));
#4696=DIRECTION('',(0.,0.,-1.));
#4697=DIRECTION('',(0.,0.,-1.));
#4698=DIRECTION('',(-1.,0.,0.));
#4699=DIRECTION('',(0.,0.,-1.));
#4700=DIRECTION('',(0.,-1.,0.));
#4701=DIRECTION('',(0.998788874041218,0.,0.0492014744847693));
#4702=DIRECTION('',(0.,-1.,0.));
#4703=DIRECTION('',(0.996448305415139,0.,0.0842067374697489));
#4704=DIRECTION('',(0.,-1.,0.));
#4705=DIRECTION('',(1.,0.,0.));
#4706=DIRECTION('',(0.,-1.,0.));
#4707=DIRECTION('',(0.998788874041218,0.,0.0492014744847702));
#4708=DIRECTION('',(1.,1.50845519650157E-16,0.));
#4709=DIRECTION('',(1.50845519650157E-16,-1.,0.));
#4710=DIRECTION('',(1.50845519650157E-16,-1.,0.));
#4711=DIRECTION('',(0.,0.,-1.));
#4712=DIRECTION('',(1.50845519650157E-16,-1.,0.));
#4713=DIRECTION('',(0.,-1.,0.));
#4714=DIRECTION('',(-1.,0.,0.));
#4715=DIRECTION('',(-1.,0.,0.));
#4716=DIRECTION('',(-1.,0.,0.));
#4717=DIRECTION('',(-1.,0.,0.));
#4718=DIRECTION('',(0.,0.,-1.));
#4719=DIRECTION('',(-1.,0.,0.));
#4720=DIRECTION('',(-1.,0.,0.));
#4721=DIRECTION('',(0.,1.,0.));
#4722=DIRECTION('',(0.,1.,0.));
#4723=DIRECTION('',(0.,1.,0.));
#4724=DIRECTION('',(-1.,0.,0.));
#4725=DIRECTION('',(0.,1.,0.));
#4726=DIRECTION('',(0.,-1.,-1.36479084038348E-32));
#4727=DIRECTION('',(0.,0.,-1.));
#4728=DIRECTION('',(0.,1.,0.));
#4729=DIRECTION('',(0.,-1.,0.));
#4730=DIRECTION('',(-1.,0.,0.));
#4731=DIRECTION('',(1.,0.,1.03850782805125E-16));
#4732=DIRECTION('',(0.,0.,-1.));
#4733=DIRECTION('',(-1.,0.,0.));
#4734=DIRECTION('',(-1.,0.,0.));
#4735=DIRECTION('',(0.,1.,0.));
#4736=DIRECTION('',(0.,-1.,-1.36479084038348E-32));
#4737=DIRECTION('',(0.,0.,-1.));
#4738=DIRECTION('',(0.,1.,0.));
#4739=DIRECTION('',(2.16840434497101E-16,-1.,0.));
#4740=DIRECTION('',(-1.,-2.16840434497101E-16,0.));
#4741=DIRECTION('',(1.,2.16840434497101E-16,1.03850782805125E-16));
#4742=DIRECTION('',(-1.,-2.16840434497101E-16,0.));
#4743=DIRECTION('',(0.,0.,1.));
#4744=DIRECTION('',(1.,0.,0.));
#4745=DIRECTION('',(1.,1.31418445149758E-16,0.));
#4746=DIRECTION('',(1.31418445149758E-16,-1.,0.));
#4747=DIRECTION('',(1.,1.31418445149758E-16,0.));
#4748=DIRECTION('',(0.,0.,1.));
#4749=DIRECTION('',(1.,0.,0.));
#4750=DIRECTION('',(0.,1.,0.));
#4751=DIRECTION('',(1.,0.,0.));
#4752=DIRECTION('',(0.,-1.,0.));
#4753=DIRECTION('',(0.999621755575152,0.,-0.0275017414148856));
#4754=DIRECTION('',(0.,-1.,0.));
#4755=DIRECTION('',(1.,0.,0.));
#4756=DIRECTION('',(0.,1.,0.));
#4757=DIRECTION('',(1.,0.,0.));
#4758=DIRECTION('',(0.,-1.,0.));
#4759=DIRECTION('',(0.998788874041218,0.,0.0492014744847702));
#4760=DIRECTION('',(0.,-1.,0.));
#4761=DIRECTION('',(1.,0.,0.));
#4762=DIRECTION('',(0.,1.,0.));
#4763=DIRECTION('',(1.,0.,0.));
#4764=DIRECTION('',(0.,-1.,0.));
#4765=DIRECTION('',(1.,0.,0.));
#4766=DIRECTION('',(0.,-1.,0.));
#4767=DIRECTION('',(1.,0.,0.));
#4768=DIRECTION('',(0.,1.,0.));
#4769=DIRECTION('',(1.,0.,0.));
#4770=DIRECTION('',(0.,-1.,0.));
#4771=DIRECTION('',(0.996448305415139,0.,0.0842067374697489));
#4772=DIRECTION('',(0.,-1.,0.));
#4773=DIRECTION('',(1.,0.,0.));
#4774=DIRECTION('',(0.,1.,0.));
#4775=DIRECTION('',(1.,0.,0.));
#4776=DIRECTION('',(0.,-1.,0.));
#4777=DIRECTION('',(0.997517908050424,0.,0.0704132311338274));
#4778=DIRECTION('',(0.,-1.,0.));
#4779=DIRECTION('',(1.,0.,0.));
#4780=DIRECTION('',(0.,1.,0.));
#4781=DIRECTION('',(1.,0.,0.));
#4782=DIRECTION('',(0.,-1.,0.));
#4783=DIRECTION('',(0.999621755575152,0.,-0.0275017414148859));
#4784=DIRECTION('',(0.,-1.,0.));
#4785=DIRECTION('',(1.,0.,0.));
#4786=DIRECTION('',(0.,1.,0.));
#4787=DIRECTION('',(1.,0.,0.));
#4788=DIRECTION('',(0.,-1.,0.));
#4789=DIRECTION('',(0.993605249531964,0.,0.112909734312522));
#4790=DIRECTION('',(0.,-1.,0.));
#4791=DIRECTION('',(1.,0.,0.));
#4792=DIRECTION('',(0.,1.,0.));
#4793=DIRECTION('',(1.,0.,0.));
#4794=DIRECTION('',(0.,-1.,0.));
#4795=DIRECTION('',(0.998788874041218,0.,0.0492014744847693));
#4796=DIRECTION('',(0.,-1.,0.));
#4797=DIRECTION('',(1.,0.,0.));
#4798=DIRECTION('',(0.,-1.,0.));
#4799=DIRECTION('',(1.,0.,0.));
#4800=DIRECTION('',(0.,0.,-1.));
#4801=DIRECTION('',(0.,-1.,0.));
#4802=DIRECTION('',(1.,0.,0.));
#4803=DIRECTION('',(0.,0.,-1.));
#4804=DIRECTION('',(0.,0.,-1.));
#4805=DIRECTION('',(0.,1.,0.));
#4806=DIRECTION('',(0.,0.,-1.));
#4807=DIRECTION('',(1.,0.,0.));
#4808=DIRECTION('',(0.,-1.,0.));
#4809=DIRECTION('',(0.,0.,-1.));
#4810=DIRECTION('',(-0.707106781186548,-0.707106781186548,0.));
#4811=DIRECTION('',(-0.707106781186548,0.707106781186548,0.));
#4812=DIRECTION('',(0.,0.,-1.));
#4813=DIRECTION('',(0.,1.,0.));
#4814=DIRECTION('',(0.,0.,-1.));
#4815=DIRECTION('',(0.,0.,-1.));
#4816=DIRECTION('',(-1.,0.,0.));
#4817=DIRECTION('',(0.,1.,0.));
#4818=DIRECTION('',(-1.,0.,0.));
#4819=DIRECTION('',(0.,1.,0.));
#4820=DIRECTION('',(-0.707106781186548,0.707106781186548,0.));
#4821=DIRECTION('',(0.707106781186548,0.707106781186548,0.));
#4822=DIRECTION('',(0.,0.,-1.));
#4823=DIRECTION('',(-1.,0.,0.));
#4824=DIRECTION('',(0.,1.,0.));
#4825=DIRECTION('',(0.,0.,-1.));
#4826=DIRECTION('',(0.,0.,-1.));
#4827=DIRECTION('',(0.,1.,0.));
#4828=DIRECTION('',(0.,0.,-1.));
#4829=DIRECTION('',(0.,1.,0.));
#4830=DIRECTION('',(0.,0.,-1.));
#4831=DIRECTION('',(0.,0.,-1.));
#4832=DIRECTION('',(-1.,0.,0.));
#4833=DIRECTION('',(0.,1.,0.));
#4834=DIRECTION('',(-1.,0.,0.));
#4835=DIRECTION('',(0.,1.,0.));
#4836=DIRECTION('',(0.,0.,-1.));
#4837=DIRECTION('',(0.,1.,0.));
#4838=DIRECTION('',(-1.03850782805125E-16,-1.36479084038348E-32,1.));
#4839=DIRECTION('',(1.,0.,1.03850782805125E-16));
#4840=DIRECTION('',(-1.,-1.50845519650157E-16,0.));
#4841=DIRECTION('',(1.,1.31418445149758E-16,-1.70070929017334E-16));
#4842=DIRECTION('',(-1.,-1.31418445149758E-16,-1.03850782805125E-16));
#4843=DIRECTION('',(1.31418445149758E-16,-1.,0.));
#4844=DIRECTION('',(-1.,-1.50845519650157E-16,0.));
#4845=DIRECTION('',(-1.,-1.31418445149758E-16,0.));
#4846=DIRECTION('',(-1.,-1.50845519650157E-16,0.));
#4847=DIRECTION('',(1.,1.31418445149758E-16,0.));
#4848=DIRECTION('',(-1.,-1.50845519650157E-16,0.));
#4849=DIRECTION('',(1.,1.31418445149758E-16,0.));
#4850=DIRECTION('',(-1.,-1.50845519650157E-16,0.));
#4851=DIRECTION('',(1.,1.31418445149758E-16,0.));
#4852=DIRECTION('',(-1.,-1.50845519650157E-16,0.));
#4853=DIRECTION('',(1.,1.31418445149758E-16,0.));
#4854=DIRECTION('',(-1.,-1.50845519650157E-16,0.));
#4855=DIRECTION('',(1.,1.31418445149758E-16,0.));
#4856=DIRECTION('',(-1.,-1.50845519650157E-16,0.));
#4857=DIRECTION('',(1.,1.31418445149758E-16,0.));
#4858=DIRECTION('',(1.,1.31418445149758E-16,0.));
#4859=DIRECTION('',(1.31418445149758E-16,-1.,0.));
#4860=DIRECTION('',(7.11337657557626E-17,-0.471566977400038,0.881830247738074));
#4861=DIRECTION('',(-1.,-1.50845519650157E-16,0.));
#4862=DIRECTION('',(1.41820099009337E-15,0.881830247738074,0.471566977400038));
#4863=DIRECTION('',(0.,0.,1.));
#4864=DIRECTION('',(1.31418445149758E-16,-1.,0.));
#4865=DIRECTION('',(0.,0.,1.));
#4866=DIRECTION('',(-1.31418445149758E-16,1.,0.));
#4867=DIRECTION('',(1.,1.31418445149758E-16,0.));
#4868=DIRECTION('',(1.,1.31418445149758E-16,-3.323225049764E-16));
#4869=DIRECTION('',(-1.31418445149758E-16,1.,0.));
#4870=DIRECTION('',(1.,1.31418445149758E-16,0.));
#4871=DIRECTION('',(1.,1.31418445149758E-16,-3.40141858034668E-16));
#4872=DIRECTION('',(-1.31418445149758E-16,1.,0.));
#4873=DIRECTION('',(1.,1.31418445149758E-16,0.));
#4874=DIRECTION('',(-1.31418445149758E-16,1.,0.));
#4875=DIRECTION('',(1.,1.31418445149758E-16,0.));
#4876=DIRECTION('',(-1.31418445149758E-16,1.,0.));
#4877=DIRECTION('',(1.,1.31418445149758E-16,0.));
#4878=DIRECTION('',(-1.31418445149758E-16,1.,0.));
#4879=DIRECTION('',(1.,1.31418445149758E-16,0.));
#4880=DIRECTION('',(-1.31418445149758E-16,1.,0.));
#4881=DIRECTION('',(1.,1.31418445149758E-16,0.));
#4882=DIRECTION('',(-1.31418445149758E-16,1.,0.));
#4883=DIRECTION('',(1.,1.31418445149758E-16,0.));
#4884=DIRECTION('',(-1.31418445149758E-16,1.,0.));
#4885=DIRECTION('',(1.,1.31418445149758E-16,0.));
#4886=DIRECTION('',(-3.40141858034668E-16,-4.47009141132658E-32,-1.));
#4887=DIRECTION('',(-1.,0.,3.40141858034668E-16));
#4888=DIRECTION('',(1.,1.31418445149758E-16,-3.40141858034668E-16));
#4889=DIRECTION('',(-1.31418445149758E-16,1.,0.));
#4890=DIRECTION('',(1.,1.31418445149758E-16,0.));
#4891=DIRECTION('',(-3.323225049764E-16,-4.36733068922713E-32,-1.));
#4892=DIRECTION('',(-1.,0.,3.323225049764E-16));
#4893=DIRECTION('',(1.,1.31418445149758E-16,-3.323225049764E-16));
#4894=DIRECTION('',(-1.31418445149758E-16,1.,0.));
#4895=DIRECTION('',(1.,1.31418445149758E-16,0.));
#4896=DIRECTION('',(1.33020141963276E-16,-0.881830247738074,-0.471566977400038));
#4897=DIRECTION('',(0.,0.471566977400038,-0.881830247738074));
#4898=DIRECTION('',(-1.,-1.50845519650157E-16,0.));
#4899=DIRECTION('',(-1.,-1.50845519650157E-16,0.));
#4900=DIRECTION('',(-1.50845519650157E-16,1.,0.));
#4901=DIRECTION('',(-1.,-1.50845519650157E-16,0.));
#4902=DIRECTION('',(-1.50845519650157E-16,1.,0.));
#4903=DIRECTION('',(-1.,-1.50845519650157E-16,0.));
#4904=DIRECTION('',(-1.50845519650157E-16,1.,0.));
#4905=DIRECTION('',(-1.,-1.50845519650157E-16,0.));
#4906=DIRECTION('',(-1.50845519650157E-16,1.,0.));
#4907=DIRECTION('',(-1.,-1.50845519650157E-16,0.));
#4908=DIRECTION('',(-1.50845519650157E-16,1.,0.));
#4909=DIRECTION('',(-1.,-1.50845519650157E-16,0.));
#4910=DIRECTION('',(-1.50845519650157E-16,1.,0.));
#4911=DIRECTION('',(-1.,-1.50845519650157E-16,0.));
#4912=DIRECTION('',(-1.50845519650157E-16,1.,0.));
#4913=DIRECTION('',(-1.,-1.50845519650157E-16,0.));
#4914=DIRECTION('',(-1.50845519650157E-16,1.,0.));
#4915=CARTESIAN_POINT('',(0.,0.,0.));
#4916=CARTESIAN_POINT('',(0.004052,-0.00374064171122995,0.0049075));
#4917=CARTESIAN_POINT('',(-0.00309,-0.00153812070537482,0.000788785719050903));
#4918=CARTESIAN_POINT('',(-0.00309,-0.00173128342245989,0.00115));
#4919=CARTESIAN_POINT('',(-0.00309,-0.00365641711229946,0.00475));
#4920=CARTESIAN_POINT('',(-0.00309,-0.00374064171122995,0.0049075));
#4921=CARTESIAN_POINT('',(-0.00309,-0.00475,0.006795));
#4922=CARTESIAN_POINT('',(1.89090515588458E-19,-0.00475,0.006795));
#4923=CARTESIAN_POINT('',(-0.00399,-0.00475,0.006795));
#4924=CARTESIAN_POINT('',(-0.00399,-0.00374064171122995,0.0049075));
#4925=CARTESIAN_POINT('',(-0.00399,-0.00173128342245989,0.00115));
#4926=CARTESIAN_POINT('',(0.004052,-0.00173128342245989,0.00115));
#4927=CARTESIAN_POINT('',(0.004052,-0.00374064171122995,0.0049075));
#4928=CARTESIAN_POINT('',(-0.00297,-0.00374064171122995,0.0049075));
#4929=CARTESIAN_POINT('',(-0.00297,-0.00365641711229945,0.00475));
#4930=CARTESIAN_POINT('',(-0.00297,-0.00475,0.006795));
#4931=CARTESIAN_POINT('',(-0.00297,-0.00194564588939047,0.00155085781316018));
#4932=CARTESIAN_POINT('',(-0.00297,-0.00173128342245989,0.00115));
#4933=CARTESIAN_POINT('',(0.004052,-0.00173128342245989,0.00115));
#4934=CARTESIAN_POINT('',(-0.00207,-0.00173128342245989,0.00115));
#4935=CARTESIAN_POINT('',(-0.00207,-0.00194564588939047,0.00155085781316018));
#4936=CARTESIAN_POINT('',(-0.00207,-0.00365641711229945,0.00475));
#4937=CARTESIAN_POINT('',(-0.00207,-0.00374064171122995,0.0049075));
#4938=CARTESIAN_POINT('',(-0.00207,-0.00475,0.006795));
#4939=CARTESIAN_POINT('',(1.89090515588458E-19,-0.00475,0.006795));
#4940=CARTESIAN_POINT('',(0.004052,-0.00374064171122995,0.0049075));
#4941=CARTESIAN_POINT('',(-0.00195,-0.00374064171122995,0.0049075));
#4942=CARTESIAN_POINT('',(-0.00195,-0.00365641711229945,0.00475));
#4943=CARTESIAN_POINT('',(-0.00195,-0.00475,0.006795));
#4944=CARTESIAN_POINT('',(-0.00195,-0.0024737652605128,0.00253844103715894));
#4945=CARTESIAN_POINT('',(-0.00195,-0.00173128342245989,0.00115));
#4946=CARTESIAN_POINT('',(0.004052,-0.00173128342245989,0.00115));
#4947=CARTESIAN_POINT('',(-0.00105,-0.00173128342245989,0.00115));
#4948=CARTESIAN_POINT('',(-0.00105,-0.00153812070537482,0.000788785719050903));
#4949=CARTESIAN_POINT('',(-0.00105,-0.00365641711229945,0.00475));
#4950=CARTESIAN_POINT('',(-0.00105,-0.00374064171122995,0.0049075));
#4951=CARTESIAN_POINT('',(-0.00105,-0.00475,0.006795));
#4952=CARTESIAN_POINT('',(1.89090515588458E-19,-0.00475,0.006795));
#4953=CARTESIAN_POINT('',(0.004052,-0.00374064171122995,0.0049075));
#4954=CARTESIAN_POINT('',(-0.00093,-0.00374064171122995,0.0049075));
#4955=CARTESIAN_POINT('',(-0.00093,-0.00365641711229945,0.00475));
#4956=CARTESIAN_POINT('',(-0.00093,-0.00475,0.006795));
#4957=CARTESIAN_POINT('',(-0.00093,-0.00194564588939047,0.00155085781316018));
#4958=CARTESIAN_POINT('',(-0.00093,-0.00173128342245989,0.00115));
#4959=CARTESIAN_POINT('',(0.004052,-0.00173128342245989,0.00115));
#4960=CARTESIAN_POINT('',(-3.00000000000005E-5,-0.00173128342245989,0.00115));
#4961=CARTESIAN_POINT('',(-3.00000000000013E-5,-0.00101000133425249,-0.000198797504947854));
#4962=CARTESIAN_POINT('',(-3.00000000000005E-5,-0.00365641711229945,0.00475));
#4963=CARTESIAN_POINT('',(-3.00000000000005E-5,-0.00374064171122995,0.0049075));
#4964=CARTESIAN_POINT('',(-3.00000000000005E-5,-0.00475,0.006795));
#4965=CARTESIAN_POINT('',(1.89090515588458E-19,-0.00475,0.006795));
#4966=CARTESIAN_POINT('',(0.004052,-0.00374064171122995,0.0049075));
#4967=CARTESIAN_POINT('',(9.E-5,-0.00374064171122995,0.0049075));
#4968=CARTESIAN_POINT('',(9.E-5,-0.00365641711229945,0.00475));
#4969=CARTESIAN_POINT('',(9.E-5,-0.00475,0.006795));
#4970=CARTESIAN_POINT('',(9.E-5,-0.0024737652605128,0.00253844103715894));
#4971=CARTESIAN_POINT('',(9.E-5,-0.00173128342245989,0.00115));
#4972=CARTESIAN_POINT('',(0.004052,-0.00173128342245989,0.00115));
#4973=CARTESIAN_POINT('',(0.00099,-0.00173128342245989,0.00115));
#4974=CARTESIAN_POINT('',(0.00099,-0.00153812070537482,0.000788785719050902));
#4975=CARTESIAN_POINT('',(0.00099,-0.00365641711229945,0.00475));
#4976=CARTESIAN_POINT('',(0.00099,-0.00374064171122995,0.0049075));
#4977=CARTESIAN_POINT('',(0.00099,-0.00475,0.006795));
#4978=CARTESIAN_POINT('',(1.89090515588458E-19,-0.00475,0.006795));
#4979=CARTESIAN_POINT('',(0.004052,-0.00374064171122995,0.0049075));
#4980=CARTESIAN_POINT('',(0.00303,-0.00153812070537482,0.000788785719050903));
#4981=CARTESIAN_POINT('',(0.00303,-0.00173128342245989,0.00115));
#4982=CARTESIAN_POINT('',(0.00303,-0.00365641711229945,0.00475));
#4983=CARTESIAN_POINT('',(0.00303,-0.00374064171122995,0.0049075));
#4984=CARTESIAN_POINT('',(0.00303,-0.00475,0.006795));
#4985=CARTESIAN_POINT('',(1.89090515588458E-19,-0.00475,0.006795));
#4986=CARTESIAN_POINT('',(0.00213,-0.00475,0.006795));
#4987=CARTESIAN_POINT('',(0.00213,-0.00374064171122995,0.0049075));
#4988=CARTESIAN_POINT('',(0.00213,-0.00365641711229945,0.00475));
#4989=CARTESIAN_POINT('',(0.00213,-0.0024737652605128,0.00253844103715894));
#4990=CARTESIAN_POINT('',(0.00213,-0.00173128342245989,0.00115));
#4991=CARTESIAN_POINT('',(0.004052,-0.00173128342245989,0.00115));
#4992=CARTESIAN_POINT('',(0.004052,-0.00374064171122995,0.0049075));
#4993=CARTESIAN_POINT('',(0.00111,-0.00374064171122995,0.0049075));
#4994=CARTESIAN_POINT('',(0.00111,-0.00365641711229945,0.00475));
#4995=CARTESIAN_POINT('',(0.00111,-0.00475,0.006795));
#4996=CARTESIAN_POINT('',(0.00111,-0.00194564588939047,0.00155085781316018));
#4997=CARTESIAN_POINT('',(0.00111,-0.00173128342245989,0.00115));
#4998=CARTESIAN_POINT('',(0.004052,-0.00173128342245989,0.00115));
#4999=CARTESIAN_POINT('',(0.00201,-0.00173128342245989,0.00115));
#5000=CARTESIAN_POINT('',(0.00201,-0.00101000133425249,-0.000198797504947854));
#5001=CARTESIAN_POINT('',(0.00201,-0.00365641711229945,0.00475));
#5002=CARTESIAN_POINT('',(0.00201,-0.00374064171122995,0.0049075));
#5003=CARTESIAN_POINT('',(0.00201,-0.00475,0.006795));
#5004=CARTESIAN_POINT('',(1.89090515588458E-19,-0.00475,0.006795));
#5005=CARTESIAN_POINT('',(-0.00297,0.00025,0.002725));
#5006=CARTESIAN_POINT('',(-0.00297,0.00025,0.00115));
#5007=CARTESIAN_POINT('',(-0.00297,-0.00475,0.00115));
#5008=CARTESIAN_POINT('',(-0.00297,0.00025,0.00475));
#5009=CARTESIAN_POINT('',(-0.00297,-0.00475,0.00475));
#5010=CARTESIAN_POINT('',(-0.00297,-0.00475,0.002725));
#5011=CARTESIAN_POINT('',(-0.00303,0.00025,0.00475));
#5012=CARTESIAN_POINT('',(-0.00297,-0.00263381252053303,0.00475));
#5013=CARTESIAN_POINT('',(-0.00297,-0.00263581252053304,0.00475));
#5014=CARTESIAN_POINT('',(-0.00297,0.00025,0.00475));
#5015=CARTESIAN_POINT('',(-0.00297,0.00025,0.00475));
#5016=CARTESIAN_POINT('',(-0.00303,0.00025,0.00475));
#5017=CARTESIAN_POINT('',(-0.00309,0.00025,0.00475));
#5018=CARTESIAN_POINT('',(-0.00309,0.00025,0.00475));
#5019=CARTESIAN_POINT('',(-0.00309,-0.00263581252053304,0.00475));
#5020=CARTESIAN_POINT('',(-0.00309,-0.00263381252053303,0.00475));
#5021=CARTESIAN_POINT('',(-0.00309,0.00025,0.00475));
#5022=CARTESIAN_POINT('',(-0.00309,-0.00475,0.00475));
#5023=CARTESIAN_POINT('',(-0.00303,-0.00475,0.00475));
#5024=CARTESIAN_POINT('',(-0.00309,0.00025,0.001745));
#5025=CARTESIAN_POINT('',(-0.00309,0.00025,0.00115));
#5026=CARTESIAN_POINT('',(-0.00309,-0.00475,0.00115));
#5027=CARTESIAN_POINT('',(-0.00309,-0.00475,0.001745));
#5028=CARTESIAN_POINT('',(-0.00195,0.00025,0.003995));
#5029=CARTESIAN_POINT('',(-0.00195,0.00025,0.00115));
#5030=CARTESIAN_POINT('',(-0.00195,-0.00475,0.00115));
#5031=CARTESIAN_POINT('',(-0.00195,0.00025,0.00475));
#5032=CARTESIAN_POINT('',(-0.00195,-0.00475,0.00475));
#5033=CARTESIAN_POINT('',(-0.00195,-0.00475,0.003995));
#5034=CARTESIAN_POINT('',(-0.00201,0.00025,0.00475));
#5035=CARTESIAN_POINT('',(-0.00195,-0.00263381252053303,0.00475));
#5036=CARTESIAN_POINT('',(-0.00195,-0.00263581252053304,0.00475));
#5037=CARTESIAN_POINT('',(-0.00195,0.00025,0.00475));
#5038=CARTESIAN_POINT('',(-0.00195,0.00025,0.00475));
#5039=CARTESIAN_POINT('',(-0.00201,0.00025,0.00475));
#5040=CARTESIAN_POINT('',(-0.00207,0.00025,0.00475));
#5041=CARTESIAN_POINT('',(-0.00207,0.00025,0.00475));
#5042=CARTESIAN_POINT('',(-0.00207,-0.00263581252053304,0.00475));
#5043=CARTESIAN_POINT('',(-0.00207,-0.00263381252053303,0.00475));
#5044=CARTESIAN_POINT('',(-0.00207,0.00025,0.00475));
#5045=CARTESIAN_POINT('',(-0.00207,-0.00475,0.00475));
#5046=CARTESIAN_POINT('',(-0.00201,-0.00475,0.00475));
#5047=CARTESIAN_POINT('',(-0.00207,0.00025,0.002725));
#5048=CARTESIAN_POINT('',(-0.00207,0.00025,0.00115));
#5049=CARTESIAN_POINT('',(-0.00207,-0.00475,0.00115));
#5050=CARTESIAN_POINT('',(-0.00207,-0.00475,0.002725));
#5051=CARTESIAN_POINT('',(-0.00093,0.00025,0.002725));
#5052=CARTESIAN_POINT('',(-0.00093,0.00025,0.00115));
#5053=CARTESIAN_POINT('',(-0.00093,-0.00475,0.00115));
#5054=CARTESIAN_POINT('',(-0.00093,0.00025,0.00475));
#5055=CARTESIAN_POINT('',(-0.00093,-0.00475,0.00475));
#5056=CARTESIAN_POINT('',(-0.00093,-0.00475,0.002725));
#5057=CARTESIAN_POINT('',(-0.00099,0.00025,0.00475));
#5058=CARTESIAN_POINT('',(-0.00093,-0.00263381252053303,0.00475));
#5059=CARTESIAN_POINT('',(-0.00093,-0.00263581252053304,0.00475));
#5060=CARTESIAN_POINT('',(-0.00093,0.00025,0.00475));
#5061=CARTESIAN_POINT('',(-0.00093,0.00025,0.00475));
#5062=CARTESIAN_POINT('',(-0.00099,0.00025,0.00475));
#5063=CARTESIAN_POINT('',(-0.00105,0.00025,0.00475));
#5064=CARTESIAN_POINT('',(-0.00105,0.00025,0.00475));
#5065=CARTESIAN_POINT('',(-0.00105,-0.00263581252053304,0.00475));
#5066=CARTESIAN_POINT('',(-0.00105,-0.00263381252053303,0.00475));
#5067=CARTESIAN_POINT('',(-0.00105,0.00025,0.00475));
#5068=CARTESIAN_POINT('',(-0.00105,-0.00475,0.00475));
#5069=CARTESIAN_POINT('',(-0.00099,-0.00475,0.00475));
#5070=CARTESIAN_POINT('',(-0.00105,0.00025,0.001745));
#5071=CARTESIAN_POINT('',(-0.00105,0.00025,0.00115));
#5072=CARTESIAN_POINT('',(-0.00105,-0.00475,0.00115));
#5073=CARTESIAN_POINT('',(-0.00105,-0.00475,0.001745));
#5074=CARTESIAN_POINT('',(2.99999999999993E-5,0.00025,0.00475));
#5075=CARTESIAN_POINT('',(9.E-5,0.00025,0.00475));
#5076=CARTESIAN_POINT('',(9.E-5,-0.00475,0.00475));
#5077=CARTESIAN_POINT('',(9.E-5,-0.00263381252053303,0.00475));
#5078=CARTESIAN_POINT('',(9.E-5,-0.00263581252053304,0.00475));
#5079=CARTESIAN_POINT('',(9.E-5,0.00025,0.00475));
#5080=CARTESIAN_POINT('',(9.E-5,0.00025,0.00475));
#5081=CARTESIAN_POINT('',(2.99999999999993E-5,0.00025,0.00475));
#5082=CARTESIAN_POINT('',(-3.00000000000011E-5,0.00025,0.00475));
#5083=CARTESIAN_POINT('',(-3.00000000000011E-5,0.00025,0.00475));
#5084=CARTESIAN_POINT('',(-3.00000000000007E-5,-0.00263581252053304,0.00475));
#5085=CARTESIAN_POINT('',(-3.00000000000007E-5,-0.00263381252053303,0.00475));
#5086=CARTESIAN_POINT('',(-3.00000000000011E-5,0.00025,0.00475));
#5087=CARTESIAN_POINT('',(-3.00000000000011E-5,-0.00475,0.00475));
#5088=CARTESIAN_POINT('',(3.E-5,-0.00475,0.00475));
#5089=CARTESIAN_POINT('',(-3.00000000000014E-5,0.00025,0.000475));
#5090=CARTESIAN_POINT('',(-3.00000000000013E-5,0.00025,0.00115));
#5091=CARTESIAN_POINT('',(-3.00000000000007E-5,-0.00475,0.00115));
#5092=CARTESIAN_POINT('',(-3.00000000000007E-5,-0.00475,0.000475));
#5093=CARTESIAN_POINT('',(9.E-5,0.00025,0.003995));
#5094=CARTESIAN_POINT('',(9.E-5,0.00025,0.00115));
#5095=CARTESIAN_POINT('',(9.E-5,-0.00475,0.00115));
#5096=CARTESIAN_POINT('',(9.E-5,-0.00475,0.003995));
#5097=CARTESIAN_POINT('',(0.00105,0.00025,0.00475));
#5098=CARTESIAN_POINT('',(0.00111,0.00025,0.00475));
#5099=CARTESIAN_POINT('',(0.00111,-0.00475,0.00475));
#5100=CARTESIAN_POINT('',(0.00111,-0.00263381252053303,0.00475));
#5101=CARTESIAN_POINT('',(0.00111,-0.00263581252053304,0.00475));
#5102=CARTESIAN_POINT('',(0.00111,0.00025,0.00475));
#5103=CARTESIAN_POINT('',(0.00111,0.00025,0.00475));
#5104=CARTESIAN_POINT('',(0.00105,0.00025,0.00475));
#5105=CARTESIAN_POINT('',(0.00099,0.00025,0.00475));
#5106=CARTESIAN_POINT('',(0.00099,0.00025,0.00475));
#5107=CARTESIAN_POINT('',(0.00099,-0.00263581252053304,0.00475));
#5108=CARTESIAN_POINT('',(0.00099,-0.00263381252053303,0.00475));
#5109=CARTESIAN_POINT('',(0.00099,0.00025,0.00475));
#5110=CARTESIAN_POINT('',(0.00099,-0.00475,0.00475));
#5111=CARTESIAN_POINT('',(0.00105,-0.00475,0.00475));
#5112=CARTESIAN_POINT('',(0.00099,0.00025,0.001745));
#5113=CARTESIAN_POINT('',(0.00099,0.00025,0.00115));
#5114=CARTESIAN_POINT('',(0.00099,-0.00475,0.00115));
#5115=CARTESIAN_POINT('',(0.00099,-0.00475,0.001745));
#5116=CARTESIAN_POINT('',(0.00111,0.00025,0.002725));
#5117=CARTESIAN_POINT('',(0.00111,0.00025,0.00115));
#5118=CARTESIAN_POINT('',(0.00111,-0.00475,0.00115));
#5119=CARTESIAN_POINT('',(0.00111,-0.00475,0.002725));
#5120=CARTESIAN_POINT('',(0.00207,0.00025,0.00475));
#5121=CARTESIAN_POINT('',(0.00213,0.00025,0.00475));
#5122=CARTESIAN_POINT('',(0.00213,-0.00475,0.00475));
#5123=CARTESIAN_POINT('',(0.00213,-0.00263381252053303,0.00475));
#5124=CARTESIAN_POINT('',(0.00213,-0.00263581252053304,0.00475));
#5125=CARTESIAN_POINT('',(0.00213,0.00025,0.00475));
#5126=CARTESIAN_POINT('',(0.00213,0.00025,0.00475));
#5127=CARTESIAN_POINT('',(0.00207,0.00025,0.00475));
#5128=CARTESIAN_POINT('',(0.00201,0.00025,0.00475));
#5129=CARTESIAN_POINT('',(0.00201,0.00025,0.00475));
#5130=CARTESIAN_POINT('',(0.00201,-0.00263581252053304,0.00475));
#5131=CARTESIAN_POINT('',(0.00201,-0.00263381252053303,0.00475));
#5132=CARTESIAN_POINT('',(0.00201,0.00025,0.00475));
#5133=CARTESIAN_POINT('',(0.00201,-0.00475,0.00475));
#5134=CARTESIAN_POINT('',(0.00207,-0.00475,0.00475));
#5135=CARTESIAN_POINT('',(0.00201,0.00025,0.000475));
#5136=CARTESIAN_POINT('',(0.00201,0.00025,0.00115));
#5137=CARTESIAN_POINT('',(0.00201,-0.00475,0.00115));
#5138=CARTESIAN_POINT('',(0.00201,-0.00475,0.000475));
#5139=CARTESIAN_POINT('',(0.00213,0.00025,0.003995));
#5140=CARTESIAN_POINT('',(0.00213,0.00025,0.00115));
#5141=CARTESIAN_POINT('',(0.00213,-0.00475,0.00115));
#5142=CARTESIAN_POINT('',(0.00213,-0.00475,0.003995));
#5143=CARTESIAN_POINT('',(0.00309,0.00025,0.00475));
#5144=CARTESIAN_POINT('',(0.00315,0.00025,0.00475));
#5145=CARTESIAN_POINT('',(0.00315,-0.00365641711229945,0.00475));
#5146=CARTESIAN_POINT('',(0.00315,-0.00475,0.00475));
#5147=CARTESIAN_POINT('',(0.00315,-0.00263381252053303,0.00475));
#5148=CARTESIAN_POINT('',(0.00315,-0.00263581252053304,0.00475));
#5149=CARTESIAN_POINT('',(0.00315,0.00025,0.00475));
#5150=CARTESIAN_POINT('',(0.00315,0.00025,0.00475));
#5151=CARTESIAN_POINT('',(0.00309,0.00025,0.00475));
#5152=CARTESIAN_POINT('',(0.00303,0.00025,0.00475));
#5153=CARTESIAN_POINT('',(0.00303,0.00025,0.00475));
#5154=CARTESIAN_POINT('',(0.00303,-0.00263581252053304,0.00475));
#5155=CARTESIAN_POINT('',(0.00303,-0.00263381252053303,0.00475));
#5156=CARTESIAN_POINT('',(0.00303,0.00025,0.00475));
#5157=CARTESIAN_POINT('',(0.00303,-0.00475,0.00475));
#5158=CARTESIAN_POINT('',(0.00309,-0.00475,0.00475));
#5159=CARTESIAN_POINT('',(0.00303,0.00025,0.001745));
#5160=CARTESIAN_POINT('',(0.00303,0.00025,0.00115));
#5161=CARTESIAN_POINT('',(0.00303,-0.00475,0.00115));
#5162=CARTESIAN_POINT('',(0.00303,-0.00475,0.001745));
#5163=CARTESIAN_POINT('',(0.00315,0.00025,0.002725));
#5164=CARTESIAN_POINT('',(0.00315,0.00025,0.00115));
#5165=CARTESIAN_POINT('',(0.00315,-0.00173128342245989,0.00115));
#5166=CARTESIAN_POINT('',(0.00315,-0.00475,0.00115));
#5167=CARTESIAN_POINT('',(0.00315,-0.00194564588939047,0.00155085781316018));
#5168=CARTESIAN_POINT('',(0.00315,-0.00475,0.002725));
#5169=CARTESIAN_POINT('',(0.,-0.00475,0.012));
#5170=CARTESIAN_POINT('',(-0.00309,-0.00475,0.008375));
#5171=CARTESIAN_POINT('',(-0.00309,-0.00475,0.00870353058660324));
#5172=CARTESIAN_POINT('',(1.19756215369987E-19,-0.00475,0.00870353058660324));
#5173=CARTESIAN_POINT('',(-0.00399,-0.00475,0.00870353058660324));
#5174=CARTESIAN_POINT('',(-0.00399,-0.00475,0.008375));
#5175=CARTESIAN_POINT('',(-0.00399,-0.00475,0.012));
#5176=CARTESIAN_POINT('',(0.,-0.00475,0.012));
#5177=CARTESIAN_POINT('',(0.00405,-0.00475,0.012));
#5178=CARTESIAN_POINT('',(0.00405,-0.00475,0.008375));
#5179=CARTESIAN_POINT('',(0.00405,-0.00475,0.00870353058660324));
#5180=CARTESIAN_POINT('',(1.19756215369987E-19,-0.00475,0.00870353058660324));
#5181=CARTESIAN_POINT('',(0.00315,-0.00475,0.00870353058660324));
#5182=CARTESIAN_POINT('',(0.00315,-0.00475,0.008375));
#5183=CARTESIAN_POINT('',(0.00315,-0.00475,0.006795));
#5184=CARTESIAN_POINT('',(1.89090515588458E-19,-0.00475,0.006795));
#5185=CARTESIAN_POINT('',(0.00405,-0.00475,0.006795));
#5186=CARTESIAN_POINT('',(0.00405,-0.00475,0.008375));
#5187=CARTESIAN_POINT('',(0.00405,-0.00475,0.00115));
#5188=CARTESIAN_POINT('',(0.,-0.00475,0.00115));
#5189=CARTESIAN_POINT('',(0.,-0.00475,0.00115));
#5190=CARTESIAN_POINT('',(0.,-0.00475,0.00115));
#5191=CARTESIAN_POINT('',(0.,-0.00475,0.00115));
#5192=CARTESIAN_POINT('',(0.,-0.00475,0.00115));
#5193=CARTESIAN_POINT('',(0.,-0.00475,0.00115));
#5194=CARTESIAN_POINT('',(0.,-0.00475,0.00115));
#5195=CARTESIAN_POINT('',(0.,-0.00475,0.00115));
#5196=CARTESIAN_POINT('',(-0.00399,-0.00475,0.00115));
#5197=CARTESIAN_POINT('',(-0.00399,-0.00475,0.008375));
#5198=CARTESIAN_POINT('',(-0.00207,-0.00475,0.008375));
#5199=CARTESIAN_POINT('',(-0.00207,-0.00475,0.00870353058660324));
#5200=CARTESIAN_POINT('',(1.19756215369987E-19,-0.00475,0.00870353058660324));
#5201=CARTESIAN_POINT('',(-0.00297,-0.00475,0.00870353058660324));
#5202=CARTESIAN_POINT('',(-0.00297,-0.00475,0.008375));
#5203=CARTESIAN_POINT('',(-0.00105,-0.00475,0.008375));
#5204=CARTESIAN_POINT('',(-0.00105,-0.00475,0.00870353058660324));
#5205=CARTESIAN_POINT('',(1.19756215369987E-19,-0.00475,0.00870353058660324));
#5206=CARTESIAN_POINT('',(-0.00195,-0.00475,0.00870353058660324));
#5207=CARTESIAN_POINT('',(-0.00195,-0.00475,0.008375));
#5208=CARTESIAN_POINT('',(-3.00000000000005E-5,-0.00475,0.008375));
#5209=CARTESIAN_POINT('',(-3.00000000000005E-5,-0.00475,0.00870353058660324));
#5210=CARTESIAN_POINT('',(1.19756215369987E-19,-0.00475,0.00870353058660324));
#5211=CARTESIAN_POINT('',(-0.00093,-0.00475,0.00870353058660324));
#5212=CARTESIAN_POINT('',(-0.00093,-0.00475,0.008375));
#5213=CARTESIAN_POINT('',(0.00099,-0.00475,0.008375));
#5214=CARTESIAN_POINT('',(0.00099,-0.00475,0.00870353058660324));
#5215=CARTESIAN_POINT('',(1.19756215369987E-19,-0.00475,0.00870353058660324));
#5216=CARTESIAN_POINT('',(9.E-5,-0.00475,0.00870353058660324));
#5217=CARTESIAN_POINT('',(9.E-5,-0.00475,0.008375));
#5218=CARTESIAN_POINT('',(0.00303,-0.00475,0.008375));
#5219=CARTESIAN_POINT('',(0.00303,-0.00475,0.00870353058660324));
#5220=CARTESIAN_POINT('',(1.19756215369987E-19,-0.00475,0.00870353058660324));
#5221=CARTESIAN_POINT('',(0.00213,-0.00475,0.00870353058660324));
#5222=CARTESIAN_POINT('',(0.00213,-0.00475,0.008375));
#5223=CARTESIAN_POINT('',(1.19756215369987E-19,-0.00475,0.00870353058660324));
#5224=CARTESIAN_POINT('',(0.00201,-0.00475,0.00870353058660324));
#5225=CARTESIAN_POINT('',(0.00111,-0.00475,0.00870353058660324));
#5226=CARTESIAN_POINT('',(0.00111,-0.00475,0.008375));
#5227=CARTESIAN_POINT('',(0.00201,-0.00475,0.008375));
#5228=CARTESIAN_POINT('',(0.00405,-0.00225,0.008375));
#5229=CARTESIAN_POINT('',(0.00405,-0.00374064171122995,0.00115));
#5230=CARTESIAN_POINT('',(0.00405,-0.00173128342245989,0.00115));
#5231=CARTESIAN_POINT('',(0.00405,-0.00374064171122995,0.0049075));
#5232=CARTESIAN_POINT('',(-0.00399,-0.00225,0.008375));
#5233=CARTESIAN_POINT('',(-0.00399,-0.00374064171122995,0.00115));
#5234=CARTESIAN_POINT('',(0.004052,-0.00374064171122995,0.00115));
#5235=CARTESIAN_POINT('',(0.004052,-0.00374064171122995,0.00115));
#5236=CARTESIAN_POINT('',(0.004052,-0.00374064171122995,0.00115));
#5237=CARTESIAN_POINT('',(0.004052,-0.00374064171122995,0.00115));
#5238=CARTESIAN_POINT('',(0.004052,-0.00374064171122995,0.00115));
#5239=CARTESIAN_POINT('',(0.004052,-0.00374064171122995,0.00115));
#5240=CARTESIAN_POINT('',(0.004052,-0.00374064171122995,0.00115));
#5241=CARTESIAN_POINT('',(0.004052,-0.00173128342245989,0.00115));
#5242=CARTESIAN_POINT('',(0.004052,-0.00374064171122995,0.0049075));
#5243=CARTESIAN_POINT('',(0.00315,-0.00374064171122995,0.0049075));
#5244=CARTESIAN_POINT('',(0.004052,-0.00374064171122995,0.00115));
#5245=CARTESIAN_POINT('',(0.00213,-0.00263381252053303,0.008375));
#5246=CARTESIAN_POINT('',(0.00213,-0.00414279510853811,0.00756805743956949));
#5247=CARTESIAN_POINT('',(0.00201,-0.00263381252053303,0.008375));
#5248=CARTESIAN_POINT('',(0.00201,-0.00414279510853811,0.00756805743956949));
#5249=CARTESIAN_POINT('',(0.00315,-0.00263381252053303,0.008375));
#5250=CARTESIAN_POINT('',(0.00315,-0.00414279510853811,0.00756805743956949));
#5251=CARTESIAN_POINT('',(0.00303,-0.00263381252053303,0.008375));
#5252=CARTESIAN_POINT('',(0.00303,-0.00414279510853811,0.00756805743956949));
#5253=CARTESIAN_POINT('',(0.00111,-0.00263381252053303,0.008375));
#5254=CARTESIAN_POINT('',(0.00111,-0.00414279510853811,0.00756805743956949));
#5255=CARTESIAN_POINT('',(0.00099,-0.00263381252053303,0.008375));
#5256=CARTESIAN_POINT('',(0.00099,-0.00414279510853811,0.00756805743956949));
#5257=CARTESIAN_POINT('',(9.E-5,-0.00263381252053303,0.008375));
#5258=CARTESIAN_POINT('',(9.E-5,-0.00414279510853811,0.00756805743956949));
#5259=CARTESIAN_POINT('',(-3.00000000000007E-5,-0.00263381252053303,0.008375));
#5260=CARTESIAN_POINT('',(-3.00000000000005E-5,-0.00414279510853811,0.00756805743956949));
#5261=CARTESIAN_POINT('',(-0.00093,-0.00263381252053303,0.008375));
#5262=CARTESIAN_POINT('',(-0.00093,-0.00414279510853811,0.00756805743956949));
#5263=CARTESIAN_POINT('',(-0.00105,-0.00263381252053303,0.008375));
#5264=CARTESIAN_POINT('',(-0.00105,-0.00414279510853811,0.00756805743956949));
#5265=CARTESIAN_POINT('',(-0.00195,-0.00263381252053303,0.008375));
#5266=CARTESIAN_POINT('',(-0.00195,-0.00414279510853811,0.00756805743956948));
#5267=CARTESIAN_POINT('',(-0.00207,-0.00263381252053303,0.008375));
#5268=CARTESIAN_POINT('',(-0.00207,-0.00414279510853811,0.00756805743956948));
#5269=CARTESIAN_POINT('',(-0.00297,-0.00263381252053303,0.008375));
#5270=CARTESIAN_POINT('',(-0.00297,-0.00414279510853811,0.00756805743956949));
#5271=CARTESIAN_POINT('',(-0.00309,-0.00263381252053303,0.008375));
#5272=CARTESIAN_POINT('',(-0.00309,-0.00414279510853811,0.00756805743956949));
#5273=CARTESIAN_POINT('',(0.004052,-0.00323033941534674,0.00586176529330162));
#5274=CARTESIAN_POINT('',(-0.00207,-0.0011519986664262,0.00197526809282021));
#5275=CARTESIAN_POINT('',(-0.00207,-0.000710678830693469,0.00115));
#5276=CARTESIAN_POINT('',(0.004052,-0.000710678830693468,0.00115));
#5277=CARTESIAN_POINT('',(-0.00297,-0.000710678830693469,0.00115));
#5278=CARTESIAN_POINT('',(-0.00297,-0.0011519986664262,0.00197526809282022));
#5279=CARTESIAN_POINT('',(0.004052,-0.00323033941534674,0.00586176529330162));
#5280=CARTESIAN_POINT('',(-0.00105,-0.00074447348241055,0.00121319599871094));
#5281=CARTESIAN_POINT('',(-0.00105,-0.000710678830693469,0.00115));
#5282=CARTESIAN_POINT('',(0.004052,-0.000710678830693468,0.00115));
#5283=CARTESIAN_POINT('',(-0.00195,-0.000710678830693469,0.00115));
#5284=CARTESIAN_POINT('',(-0.00195,-0.00168011803754853,0.00296285131681897));
#5285=CARTESIAN_POINT('',(0.004052,-0.00323033941534674,0.00586176529330162));
#5286=CARTESIAN_POINT('',(-3.00000000000013E-5,-0.000216354111288221,0.00022561277471218));
#5287=CARTESIAN_POINT('',(-3.00000000000015E-5,-0.000710678830693469,0.00115));
#5288=CARTESIAN_POINT('',(0.004052,-0.000710678830693468,0.00115));
#5289=CARTESIAN_POINT('',(-0.00093,-0.000710678830693469,0.00115));
#5290=CARTESIAN_POINT('',(-0.00093,-0.0011519986664262,0.00197526809282021));
#5291=CARTESIAN_POINT('',(0.004052,-0.00323033941534674,0.00586176529330162));
#5292=CARTESIAN_POINT('',(0.00099,-0.000744473482410549,0.00121319599871094));
#5293=CARTESIAN_POINT('',(0.00099,-0.000710678830693469,0.00115));
#5294=CARTESIAN_POINT('',(0.004052,-0.000710678830693468,0.00115));
#5295=CARTESIAN_POINT('',(9.E-5,-0.000710678830693469,0.00115));
#5296=CARTESIAN_POINT('',(9.E-5,-0.00168011803754853,0.00296285131681897));
#5297=CARTESIAN_POINT('',(0.004052,-0.00323033941534674,0.00586176529330162));
#5298=CARTESIAN_POINT('',(0.00201,-0.000216354111288221,0.00022561277471218));
#5299=CARTESIAN_POINT('',(0.00201,-0.000710678830693468,0.00115));
#5300=CARTESIAN_POINT('',(0.004052,-0.000710678830693468,0.00115));
#5301=CARTESIAN_POINT('',(0.00111,-0.000710678830693469,0.00115));
#5302=CARTESIAN_POINT('',(0.00111,-0.0011519986664262,0.00197526809282022));
#5303=CARTESIAN_POINT('',(0.004052,-0.00323033941534674,0.00586176529330162));
#5304=CARTESIAN_POINT('',(0.00405,-0.00323033941534674,0.00586176529330162));
#5305=CARTESIAN_POINT('',(0.00405,-0.000710678830693468,0.00115));
#5306=CARTESIAN_POINT('',(0.004052,-0.000710678830693468,0.00115));
#5307=CARTESIAN_POINT('',(0.00315,-0.000710678830693468,0.00115));
#5308=CARTESIAN_POINT('',(0.00315,-0.0011519986664262,0.00197526809282022));
#5309=CARTESIAN_POINT('',(0.004052,-0.00323033941534674,0.00586176529330162));
#5310=CARTESIAN_POINT('',(0.00303,-0.000744473482410549,0.00121319599871094));
#5311=CARTESIAN_POINT('',(0.00303,-0.000710678830693468,0.00115));
#5312=CARTESIAN_POINT('',(0.004052,-0.000710678830693468,0.00115));
#5313=CARTESIAN_POINT('',(0.00213,-0.000710678830693468,0.00115));
#5314=CARTESIAN_POINT('',(0.00213,-0.00168011803754853,0.00296285131681897));
#5315=CARTESIAN_POINT('',(0.00405,-0.00225,0.008375));
#5316=CARTESIAN_POINT('',(0.00405,-0.00125,0.000861592957590086));
#5317=CARTESIAN_POINT('',(0.00405,-0.00125,0.000249999999999998));
#5318=CARTESIAN_POINT('',(0.00405,-0.00225,0.012));
#5319=CARTESIAN_POINT('',(0.00405,-0.00225,0.012));
#5320=CARTESIAN_POINT('',(0.00405,-0.00225,0.008375));
#5321=CARTESIAN_POINT('',(0.00405,-0.00225,0.00475));
#5322=CARTESIAN_POINT('',(0.00405,0.00025,0.00475));
#5323=CARTESIAN_POINT('',(0.00405,0.00025,0.00475));
#5324=CARTESIAN_POINT('',(0.00405,0.00025,0.000475));
#5325=CARTESIAN_POINT('',(0.00405,0.00025,0.000249999999999998));
#5326=CARTESIAN_POINT('',(0.00405,0.00025,0.000249999999999998));
#5327=CARTESIAN_POINT('',(-0.00309,0.00025,0.001745));
#5328=CARTESIAN_POINT('',(-0.00309,-0.00125,0.000861592957590086));
#5329=CARTESIAN_POINT('',(-0.00309,-0.000710678830693469,0.00115));
#5330=CARTESIAN_POINT('',(-0.00309,-0.00125,0.000249999999999998));
#5331=CARTESIAN_POINT('',(-0.00309,-0.00074447348241055,0.00121319599871094));
#5332=CARTESIAN_POINT('',(-0.00309,0.00025,0.001745));
#5333=CARTESIAN_POINT('',(-0.00309,0.00025,0.000249999999999998));
#5334=CARTESIAN_POINT('',(-0.00309,0.00025,0.000249999999999998));
#5335=CARTESIAN_POINT('',(-0.00297,0.00025,0.002725));
#5336=CARTESIAN_POINT('',(-0.00297,-0.00125,0.000861592957590086));
#5337=CARTESIAN_POINT('',(-0.00297,-0.00125,0.000249999999999998));
#5338=CARTESIAN_POINT('',(-0.00297,0.00025,0.000249999999999998));
#5339=CARTESIAN_POINT('',(-0.00297,0.00025,0.000249999999999998));
#5340=CARTESIAN_POINT('',(-0.00297,0.00025,0.002725));
#5341=CARTESIAN_POINT('',(-0.00105,0.00025,0.001745));
#5342=CARTESIAN_POINT('',(-0.00105,-0.00125,0.000861592957590086));
#5343=CARTESIAN_POINT('',(-0.00105,-0.00125,0.000249999999999998));
#5344=CARTESIAN_POINT('',(-0.00105,0.00025,0.001745));
#5345=CARTESIAN_POINT('',(-0.00105,0.00025,0.000249999999999998));
#5346=CARTESIAN_POINT('',(-0.00105,0.00025,0.000249999999999998));
#5347=CARTESIAN_POINT('',(-0.00093,0.00025,0.002725));
#5348=CARTESIAN_POINT('',(-0.00093,-0.00125,0.000861592957590086));
#5349=CARTESIAN_POINT('',(-0.00093,-0.00125,0.000249999999999998));
#5350=CARTESIAN_POINT('',(-0.00093,0.00025,0.000249999999999998));
#5351=CARTESIAN_POINT('',(-0.00093,0.00025,0.00025));
#5352=CARTESIAN_POINT('',(-0.00093,0.00025,0.002725));
#5353=CARTESIAN_POINT('',(-0.00207,0.00025,0.002725));
#5354=CARTESIAN_POINT('',(-0.00207,0.00025,0.002725));
#5355=CARTESIAN_POINT('',(-0.00207,0.00025,0.000249999999999998));
#5356=CARTESIAN_POINT('',(-0.00207,0.00025,0.000249999999999998));
#5357=CARTESIAN_POINT('',(-0.00207,-0.00125,0.000249999999999998));
#5358=CARTESIAN_POINT('',(-0.00207,-0.00125,0.000861592957590086));
#5359=CARTESIAN_POINT('',(-0.00195,0.00025,0.003995));
#5360=CARTESIAN_POINT('',(-0.00195,-0.00125,0.000861592957590086));
#5361=CARTESIAN_POINT('',(-0.00195,-0.00125,0.000249999999999998));
#5362=CARTESIAN_POINT('',(-0.00195,0.00025,0.000249999999999998));
#5363=CARTESIAN_POINT('',(-0.00195,0.00025,0.000249999999999998));
#5364=CARTESIAN_POINT('',(-0.00195,0.00025,0.003995));
#5365=CARTESIAN_POINT('',(9.E-5,0.00025,0.003995));
#5366=CARTESIAN_POINT('',(9.E-5,-0.00125,0.000861592957590086));
#5367=CARTESIAN_POINT('',(9.E-5,-0.00125,0.000249999999999998));
#5368=CARTESIAN_POINT('',(8.99999999999983E-5,0.00025,0.000249999999999998));
#5369=CARTESIAN_POINT('',(9.E-5,0.00025,0.00025));
#5370=CARTESIAN_POINT('',(9.E-5,0.00025,0.003995));
#5371=CARTESIAN_POINT('',(-3.00000000000014E-5,0.00025,0.000475));
#5372=CARTESIAN_POINT('',(-3.00000000000014E-5,-0.00125,0.000861592957590086));
#5373=CARTESIAN_POINT('',(-3.00000000000014E-5,-0.00125,0.000249999999999998));
#5374=CARTESIAN_POINT('',(-3.00000000000014E-5,0.00025,0.000475));
#5375=CARTESIAN_POINT('',(-3.00000000000016E-5,0.00025,0.000249999999999998));
#5376=CARTESIAN_POINT('',(-3.00000000000016E-5,0.00025,0.000249999999999998));
#5377=CARTESIAN_POINT('',(0.00111,0.00025,0.002725));
#5378=CARTESIAN_POINT('',(0.00111,-0.00125,0.000861592957590086));
#5379=CARTESIAN_POINT('',(0.00111,-0.00125,0.000249999999999997));
#5380=CARTESIAN_POINT('',(0.00111,0.00025,0.000249999999999997));
#5381=CARTESIAN_POINT('',(0.00111,0.00025,0.00025));
#5382=CARTESIAN_POINT('',(0.00111,0.00025,0.002725));
#5383=CARTESIAN_POINT('',(0.00099,0.00025,0.001745));
#5384=CARTESIAN_POINT('',(0.00099,-0.00125,0.000861592957590086));
#5385=CARTESIAN_POINT('',(0.00099,-0.00125,0.000249999999999998));
#5386=CARTESIAN_POINT('',(0.00099,0.00025,0.001745));
#5387=CARTESIAN_POINT('',(0.00099,0.00025,0.000249999999999998));
#5388=CARTESIAN_POINT('',(0.00099,0.00025,0.000249999999999998));
#5389=CARTESIAN_POINT('',(0.00213,0.00025,0.003995));
#5390=CARTESIAN_POINT('',(0.00213,-0.00125,0.000861592957590086));
#5391=CARTESIAN_POINT('',(0.00213,-0.00125,0.000249999999999998));
#5392=CARTESIAN_POINT('',(0.00213,0.00025,0.000249999999999998));
#5393=CARTESIAN_POINT('',(0.00213,0.00025,0.00025));
#5394=CARTESIAN_POINT('',(0.00213,0.00025,0.003995));
#5395=CARTESIAN_POINT('',(0.00201,0.00025,0.000475));
#5396=CARTESIAN_POINT('',(0.00201,0.00025,0.000475));
#5397=CARTESIAN_POINT('',(0.00201,0.00025,0.000249999999999997));
#5398=CARTESIAN_POINT('',(0.00201,0.00025,0.000249999999999997));
#5399=CARTESIAN_POINT('',(0.00201,-0.00125,0.000249999999999997));
#5400=CARTESIAN_POINT('',(0.00201,-0.00125,0.000861592957590086));
#5401=CARTESIAN_POINT('',(0.00315,0.00025,0.002725));
#5402=CARTESIAN_POINT('',(0.00315,-0.00125,0.000861592957590086));
#5403=CARTESIAN_POINT('',(0.00315,-0.00125,0.000249999999999998));
#5404=CARTESIAN_POINT('',(0.00315,0.00025,0.000249999999999998));
#5405=CARTESIAN_POINT('',(0.00315,0.00025,0.00025));
#5406=CARTESIAN_POINT('',(0.00315,0.00025,0.002725));
#5407=CARTESIAN_POINT('',(0.00303,0.00025,0.001745));
#5408=CARTESIAN_POINT('',(0.00303,-0.00125,0.000861592957590086));
#5409=CARTESIAN_POINT('',(0.00303,-0.00125,0.000249999999999998));
#5410=CARTESIAN_POINT('',(0.00303,0.00025,0.001745));
#5411=CARTESIAN_POINT('',(0.00303,0.00025,0.000249999999999998));
#5412=CARTESIAN_POINT('',(0.00303,0.00025,0.000249999999999998));
#5413=CARTESIAN_POINT('',(-0.0066,-0.0005,0.012));
#5414=CARTESIAN_POINT('',(-0.0066,0.00025,0.00475));
#5415=CARTESIAN_POINT('',(-0.0066,0.00025,0.00475));
#5416=CARTESIAN_POINT('',(-0.0066,-0.00225,0.00475));
#5417=CARTESIAN_POINT('',(-0.0066,0.00025,0.012));
#5418=CARTESIAN_POINT('',(-0.0066,0.00025,0.000249999999999997));
#5419=CARTESIAN_POINT('',(-0.0066,0.005752,0.000249999999999997));
#5420=CARTESIAN_POINT('',(-0.0066,0.00375,0.000249999999999997));
#5421=CARTESIAN_POINT('',(-0.0066,0.00375,0.012));
#5422=CARTESIAN_POINT('',(-0.0066,0.00375,0.012));
#5423=CARTESIAN_POINT('',(-0.0066,-0.0005,0.012));
#5424=CARTESIAN_POINT('',(-0.0066,-0.00225,0.012));
#5425=CARTESIAN_POINT('',(-0.0066,-0.00225,0.012));
#5426=CARTESIAN_POINT('',(0.00285,0.00525,0.012));
#5427=CARTESIAN_POINT('',(-0.0036,0.00525,0.012));
#5428=CARTESIAN_POINT('',(-0.0036,0.00525,0.012));
#5429=CARTESIAN_POINT('',(-0.0036,0.00525,0.000249999999999997));
#5430=CARTESIAN_POINT('',(-0.005295,0.00525,0.000249999999999998));
#5431=CARTESIAN_POINT('',(0.0036,0.00525,0.00025));
#5432=CARTESIAN_POINT('',(0.0036,0.00525,0.012));
#5433=CARTESIAN_POINT('',(0.0036,0.00525,0.012));
#5434=CARTESIAN_POINT('',(0.00285,0.00525,0.012));
#5435=CARTESIAN_POINT('',(0.0021,0.00525,0.012));
#5436=CARTESIAN_POINT('',(0.0021,0.00525,0.012));
#5437=CARTESIAN_POINT('',(0.0021,0.00525,0.009));
#5438=CARTESIAN_POINT('',(0.002102,0.00525,0.009));
#5439=CARTESIAN_POINT('',(-0.0021,0.00525,0.009));
#5440=CARTESIAN_POINT('',(-0.0021,0.00525,0.012));
#5441=CARTESIAN_POINT('',(-0.0021,0.00525,0.012));
#5442=CARTESIAN_POINT('',(-0.00285,0.00525,0.012));
#5443=CARTESIAN_POINT('',(0.0066,-0.0005,0.012));
#5444=CARTESIAN_POINT('',(0.0066,0.00025,0.012));
#5445=CARTESIAN_POINT('',(0.0066,0.00025,0.00475));
#5446=CARTESIAN_POINT('',(0.0066,0.00025,0.000249999999999997));
#5447=CARTESIAN_POINT('',(0.0066,0.00025,0.00475));
#5448=CARTESIAN_POINT('',(0.0066,-0.00225,0.00475));
#5449=CARTESIAN_POINT('',(0.0066,-0.00225,0.012));
#5450=CARTESIAN_POINT('',(0.0066,-0.00225,0.012));
#5451=CARTESIAN_POINT('',(0.0066,-0.0005,0.012));
#5452=CARTESIAN_POINT('',(0.0066,0.00375,0.012));
#5453=CARTESIAN_POINT('',(0.0066,0.00375,0.012));
#5454=CARTESIAN_POINT('',(0.0066,0.00375,0.00025));
#5455=CARTESIAN_POINT('',(0.0066,0.005752,0.000249999999999997));
#5456=CARTESIAN_POINT('',(-0.0021,0.0055,0.012));
#5457=CARTESIAN_POINT('',(-0.0021,0.0055,0.009));
#5458=CARTESIAN_POINT('',(-0.0021,0.00575,0.009));
#5459=CARTESIAN_POINT('',(-0.0021,0.00575,0.012));
#5460=CARTESIAN_POINT('',(-0.0021,0.00575,0.012));
#5461=CARTESIAN_POINT('',(-0.0021,0.0055,0.012));
#5462=CARTESIAN_POINT('',(0.00608,-0.00835,0.0067));
#5463=CARTESIAN_POINT('',(0.00658,-0.00835,0.00821986841535707));
#5464=CARTESIAN_POINT('',(0.00658,-0.00835,0.00821986841535707));
#5465=CARTESIAN_POINT('',(0.00658,-0.00665,0.00821986841535707));
#5466=CARTESIAN_POINT('',(0.00608,-0.00835,0.0067));
#5467=CARTESIAN_POINT('',(0.0076,-0.00835,0.00719959983987187));
#5468=CARTESIAN_POINT('',(0.0076,-0.00835,0.00719959983987187));
#5469=CARTESIAN_POINT('',(0.0076,-0.00575,0.00719959983987187));
#5470=CARTESIAN_POINT('',(0.00608,-0.00575,0.0067));
#5471=CARTESIAN_POINT('',(0.00478,-0.00575,0.00763273790530889));
#5472=CARTESIAN_POINT('',(0.00498,-0.00595,0.00786189500386223));
#5473=CARTESIAN_POINT('',(0.00498,-0.00588182170066283,0.00786189500386223));
#5474=CARTESIAN_POINT('',(0.00490614935833155,-0.00576852868866755,0.00779272065211875));
#5475=CARTESIAN_POINT('',(0.00481931737523304,-0.00575,0.00768753635138043));
#5476=CARTESIAN_POINT('',(0.00478,-0.00575,0.00763273790530889));
#5477=CARTESIAN_POINT('',(0.00498,-0.00595,0.00786189500386223));
#5478=CARTESIAN_POINT('',(0.00498,-0.00835,0.00786189500386223));
#5479=CARTESIAN_POINT('',(0.00498,-0.00695,0.00786189500386224));
#5480=CARTESIAN_POINT('',(0.00608,-0.00585,0.0067));
#5481=CARTESIAN_POINT('',(0.00498,-0.00695,0.00553810499613778));
#5482=CARTESIAN_POINT('',(0.00498,-0.00835,0.00553810499613777));
#5483=CARTESIAN_POINT('',(0.00498,-0.00595,0.00553810499613777));
#5484=CARTESIAN_POINT('',(0.00478,-0.00575,0.00576726209469111));
#5485=CARTESIAN_POINT('',(0.00481929776537785,-0.00575,0.0057124909797826));
#5486=CARTESIAN_POINT('',(0.00490557717541267,-0.00576812573275706,0.00560789798708366));
#5487=CARTESIAN_POINT('',(0.00498,-0.00588172264756539,0.00553810499613777));
#5488=CARTESIAN_POINT('',(0.00498,-0.00595,0.00553810499613777));
#5489=CARTESIAN_POINT('',(0.00478,-0.00575,0.00576726209469111));
#5490=CARTESIAN_POINT('',(0.00608,-0.00575,0.0067));
#5491=CARTESIAN_POINT('',(0.0076,-0.00575,0.00620040016012813));
#5492=CARTESIAN_POINT('',(0.0076,-0.00835,0.00620040016012813));
#5493=CARTESIAN_POINT('',(0.0076,-0.00835,0.00620040016012813));
#5494=CARTESIAN_POINT('',(0.00608,-0.00835,0.0067));
#5495=CARTESIAN_POINT('',(0.00658,-0.00835,0.00518013158464294));
#5496=CARTESIAN_POINT('',(0.00658,-0.00835,0.00518013158464294));
#5497=CARTESIAN_POINT('',(0.00658,-0.00665,0.00518013158464294));
#5498=CARTESIAN_POINT('',(0.00558,-0.00665,0.00518013158464293));
#5499=CARTESIAN_POINT('',(0.00558,-0.00651699759483952,0.00518013158464293));
#5500=CARTESIAN_POINT('',(0.0056883783719308,-0.00625943469688132,0.00513904592868115));
#5501=CARTESIAN_POINT('',(0.00607917878944647,-0.00609533840502994,0.00508048995847842));
#5502=CARTESIAN_POINT('',(0.00647186484798954,-0.00625921322491034,0.00513899471925237));
#5503=CARTESIAN_POINT('',(0.00658,-0.006516987037386,0.00518013158464294));
#5504=CARTESIAN_POINT('',(0.00658,-0.00665,0.00518013158464294));
#5505=CARTESIAN_POINT('',(0.00558,-0.00665,0.00518013158464294));
#5506=CARTESIAN_POINT('',(0.00558,-0.00835,0.00518013158464293));
#5507=CARTESIAN_POINT('',(0.00558,-0.00835,0.00518013158464293));
#5508=CARTESIAN_POINT('',(0.00608,-0.00835,0.0067));
#5509=CARTESIAN_POINT('',(0.00558,-0.00835,0.00821986841535707));
#5510=CARTESIAN_POINT('',(0.00558,-0.00835,0.00821986841535707));
#5511=CARTESIAN_POINT('',(0.00558,-0.00665,0.00821986841535707));
#5512=CARTESIAN_POINT('',(0.00658,-0.00665,0.00821986841535707));
#5513=CARTESIAN_POINT('',(0.00658,-0.00651699759483952,0.00821986841535707));
#5514=CARTESIAN_POINT('',(0.0064716216280692,-0.00625943469688132,0.00826095407131885));
#5515=CARTESIAN_POINT('',(0.00608082121055353,-0.00609533840502994,0.00831951004152158));
#5516=CARTESIAN_POINT('',(0.00568813515201046,-0.00625921322491034,0.00826100528074763));
#5517=CARTESIAN_POINT('',(0.00558,-0.006516987037386,0.00821986841535707));
#5518=CARTESIAN_POINT('',(0.00558,-0.00665,0.00821986841535707));
#5519=CARTESIAN_POINT('',(0.,-0.00835,0.006));
#5520=CARTESIAN_POINT('',(0.00658,-0.00835,0.0239651664573636));
#5521=CARTESIAN_POINT('',(0.0076,-0.00835,0.012));
#5522=CARTESIAN_POINT('',(-0.00608,-0.00835,0.0067));
#5523=CARTESIAN_POINT('',(-0.00558,-0.00835,0.00821986841535706));
#5524=CARTESIAN_POINT('',(-0.00558,-0.00835,0.00821986841535707));
#5525=CARTESIAN_POINT('',(-0.00558,-0.00665,0.00821986841535707));
#5526=CARTESIAN_POINT('',(-0.00608,-0.00835,0.0067));
#5527=CARTESIAN_POINT('',(-0.00558,-0.00835,0.00518013158464294));
#5528=CARTESIAN_POINT('',(-0.00558,-0.00835,0.00518013158464293));
#5529=CARTESIAN_POINT('',(-0.00558,-0.00665,0.00518013158464294));
#5530=CARTESIAN_POINT('',(-0.00658,-0.00665,0.00518013158464294));
#5531=CARTESIAN_POINT('',(-0.00658,-0.00651699759483952,0.00518013158464294));
#5532=CARTESIAN_POINT('',(-0.0064716216280692,-0.00625943469688132,0.00513904592868115));
#5533=CARTESIAN_POINT('',(-0.00608082121055353,-0.00609533840502994,0.00508048995847842));
#5534=CARTESIAN_POINT('',(-0.00568813515201046,-0.00625921322491034,0.00513899471925238));
#5535=CARTESIAN_POINT('',(-0.00558,-0.006516987037386,0.00518013158464293));
#5536=CARTESIAN_POINT('',(-0.00558,-0.00665,0.00518013158464293));
#5537=CARTESIAN_POINT('',(-0.00658,-0.00665,0.00518013158464294));
#5538=CARTESIAN_POINT('',(-0.00658,-0.00835,0.00518013158464293));
#5539=CARTESIAN_POINT('',(-0.00658,-0.00835,0.00518013158464293));
#5540=CARTESIAN_POINT('',(-0.00608,-0.00835,0.0067));
#5541=CARTESIAN_POINT('',(-0.0076,-0.00835,0.00620040016012813));
#5542=CARTESIAN_POINT('',(-0.0076,-0.00835,0.00620040016012813));
#5543=CARTESIAN_POINT('',(-0.0076,-0.00575,0.00620040016012813));
#5544=CARTESIAN_POINT('',(-0.00608,-0.00575,0.0067));
#5545=CARTESIAN_POINT('',(-0.00478,-0.00575,0.00576726209469112));
#5546=CARTESIAN_POINT('',(-0.00498,-0.00595,0.00553810499613778));
#5547=CARTESIAN_POINT('',(-0.00498,-0.00588182170066283,0.00553810499613778));
#5548=CARTESIAN_POINT('',(-0.00490614935833155,-0.00576852868866754,0.00560727934788125));
#5549=CARTESIAN_POINT('',(-0.00481931737523304,-0.00575,0.00571246364861958));
#5550=CARTESIAN_POINT('',(-0.00478,-0.00575,0.00576726209469112));
#5551=CARTESIAN_POINT('',(-0.00498,-0.00595,0.00553810499613778));
#5552=CARTESIAN_POINT('',(-0.00498,-0.00835,0.00553810499613777));
#5553=CARTESIAN_POINT('',(-0.00498,-0.00695,0.00553810499613778));
#5554=CARTESIAN_POINT('',(-0.00608,-0.00585,0.0067));
#5555=CARTESIAN_POINT('',(-0.00498,-0.00695,0.00786189500386223));
#5556=CARTESIAN_POINT('',(-0.00498,-0.00835,0.00786189500386222));
#5557=CARTESIAN_POINT('',(-0.00498,-0.00595,0.00786189500386223));
#5558=CARTESIAN_POINT('',(-0.00478,-0.00575,0.00763273790530888));
#5559=CARTESIAN_POINT('',(-0.00481929776537785,-0.00575,0.00768750902021739));
#5560=CARTESIAN_POINT('',(-0.00490557717541267,-0.00576812573275706,0.00779210201291635));
#5561=CARTESIAN_POINT('',(-0.00498,-0.00588172264756539,0.00786189500386222));
#5562=CARTESIAN_POINT('',(-0.00498,-0.00595,0.00786189500386222));
#5563=CARTESIAN_POINT('',(-0.00478,-0.00575,0.00763273790530888));
#5564=CARTESIAN_POINT('',(-0.00608,-0.00575,0.0067));
#5565=CARTESIAN_POINT('',(-0.0076,-0.00575,0.00719959983987187));
#5566=CARTESIAN_POINT('',(-0.0076,-0.00835,0.00719959983987187));
#5567=CARTESIAN_POINT('',(-0.0076,-0.00835,0.00719959983987187));
#5568=CARTESIAN_POINT('',(-0.00608,-0.00835,0.0067));
#5569=CARTESIAN_POINT('',(-0.00658,-0.00835,0.00821986841535707));
#5570=CARTESIAN_POINT('',(-0.00658,-0.00835,0.00821986841535706));
#5571=CARTESIAN_POINT('',(-0.00658,-0.00665,0.00821986841535707));
#5572=CARTESIAN_POINT('',(-0.00558,-0.00665,0.00821986841535707));
#5573=CARTESIAN_POINT('',(-0.00558,-0.00651699759483952,0.00821986841535707));
#5574=CARTESIAN_POINT('',(-0.0056883783719308,-0.00625943469688132,0.00826095407131885));
#5575=CARTESIAN_POINT('',(-0.00607917878944646,-0.00609533840502994,0.00831951004152158));
#5576=CARTESIAN_POINT('',(-0.00647186484798954,-0.00625921322491034,0.00826100528074763));
#5577=CARTESIAN_POINT('',(-0.00658,-0.006516987037386,0.00821986841535706));
#5578=CARTESIAN_POINT('',(-0.00658,-0.00665,0.00821986841535706));
#5579=CARTESIAN_POINT('',(0.,-0.00835,0.006));
#5580=CARTESIAN_POINT('',(-0.00558,-0.00835,0.0239651664573636));
#5581=CARTESIAN_POINT('',(-0.0056,0.00375,0.012));
#5582=CARTESIAN_POINT('',(-0.005295,0.00375,0.000249999999999998));
#5583=CARTESIAN_POINT('',(-0.0046,0.00375,0.000249999999999997));
#5584=CARTESIAN_POINT('',(-0.0046,0.00375,0.012));
#5585=CARTESIAN_POINT('',(-0.0046,0.00375,0.012));
#5586=CARTESIAN_POINT('',(-0.0056,0.00375,0.012));
#5587=CARTESIAN_POINT('',(-0.0046,0.00425,0.012));
#5588=CARTESIAN_POINT('',(-0.0046,0.005752,0.000249999999999998));
#5589=CARTESIAN_POINT('',(-0.0046,0.00475,0.000249999999999997));
#5590=CARTESIAN_POINT('',(-0.0046,0.00475,0.012));
#5591=CARTESIAN_POINT('',(-0.0046,0.00475,0.012));
#5592=CARTESIAN_POINT('',(-0.0046,0.00425,0.012));
#5593=CARTESIAN_POINT('',(-0.0041,0.00475,0.012));
#5594=CARTESIAN_POINT('',(-0.005295,0.00475,0.000249999999999998));
#5595=CARTESIAN_POINT('',(-0.0036,0.00475,0.000249999999999997));
#5596=CARTESIAN_POINT('',(-0.0036,0.00475,0.012));
#5597=CARTESIAN_POINT('',(-0.0036,0.00475,0.012));
#5598=CARTESIAN_POINT('',(-0.0041,0.00475,0.012));
#5599=CARTESIAN_POINT('',(-0.0036,0.005,0.012));
#5600=CARTESIAN_POINT('',(-0.0036,0.005752,0.000249999999999998));
#5601=CARTESIAN_POINT('',(-0.0036,0.005,0.012));
#5602=CARTESIAN_POINT('',(-0.0076,0.,0.012));
#5603=CARTESIAN_POINT('',(-0.0076,0.,0.));
#5604=CARTESIAN_POINT('',(-0.0076,0.00575,0.));
#5605=CARTESIAN_POINT('',(-0.0076,-0.00575,0.));
#5606=CARTESIAN_POINT('',(-0.0076,-0.00575,0.012));
#5607=CARTESIAN_POINT('',(-0.0076,-0.00835,0.012));
#5608=CARTESIAN_POINT('',(-0.0076,-0.00575,0.012));
#5609=CARTESIAN_POINT('',(-0.0076,-0.00575,0.012));
#5610=CARTESIAN_POINT('',(-0.0076,0.,0.012));
#5611=CARTESIAN_POINT('',(-0.0076,0.00575,0.012));
#5612=CARTESIAN_POINT('',(-0.0076,0.00575,0.012));
#5613=CARTESIAN_POINT('',(0.,-0.00575,0.012));
#5614=CARTESIAN_POINT('',(0.0036,-0.00575,0.0007));
#5615=CARTESIAN_POINT('',(0.00404712236228938,-0.00575,0.000750809380440635));
#5616=CARTESIAN_POINT('',(0.00156,-0.00575,0.0007));
#5617=CARTESIAN_POINT('',(0.00200982979000882,-0.00575,0.000687624216363301));
#5618=CARTESIAN_POINT('',(-0.00048,-0.00575,0.0007));
#5619=CARTESIAN_POINT('',(-3.11169413773093E-5,-0.00575,0.000731685954010222));
#5620=CARTESIAN_POINT('',(-0.00252,-0.00575,0.0007));
#5621=CARTESIAN_POINT('',(-0.00207017020999118,-0.00575,0.000687624216363301));
#5622=CARTESIAN_POINT('',(0.,-0.00575,0.));
#5623=CARTESIAN_POINT('',(0.0076,-0.00575,0.));
#5624=CARTESIAN_POINT('',(0.0076,-0.00575,0.012));
#5625=CARTESIAN_POINT('',(0.00478,-0.00575,0.0239651664573636));
#5626=CARTESIAN_POINT('',(0.0076,-0.00575,0.012));
#5627=CARTESIAN_POINT('',(0.0076,-0.00575,0.012));
#5628=CARTESIAN_POINT('',(0.,-0.00575,0.012));
#5629=CARTESIAN_POINT('',(-0.00478,-0.00575,0.0239651664573636));
#5630=CARTESIAN_POINT('',(-0.00354,-0.00575,0.00324));
#5631=CARTESIAN_POINT('',(-0.00309054500668145,-0.00575,0.00326214066351815));
#5632=CARTESIAN_POINT('',(-0.0015,-0.00575,0.00324));
#5633=CARTESIAN_POINT('',(-0.00105159826256319,-0.00575,0.00327789303186139));
#5634=CARTESIAN_POINT('',(0.00054,-0.00575,0.00324));
#5635=CARTESIAN_POINT('',(0.00099,-0.00575,0.00324));
#5636=CARTESIAN_POINT('',(0.00258,-0.00575,0.00324));
#5637=CARTESIAN_POINT('',(0.00302945499331855,-0.00575,0.00326214066351815));
#5638=CARTESIAN_POINT('',(0.0076,0.,0.012));
#5639=CARTESIAN_POINT('',(0.0076,0.,0.));
#5640=CARTESIAN_POINT('',(0.0076,0.00575,0.));
#5641=CARTESIAN_POINT('',(0.0076,0.00575,0.012));
#5642=CARTESIAN_POINT('',(0.0076,0.00575,0.012));
#5643=CARTESIAN_POINT('',(0.0076,0.,0.012));
#5644=CARTESIAN_POINT('',(0.00485,0.00575,0.012));
#5645=CARTESIAN_POINT('',(0.00485,0.00575,0.));
#5646=CARTESIAN_POINT('',(-0.00485,0.00575,0.012));
#5647=CARTESIAN_POINT('',(0.002102,0.00575,0.009));
#5648=CARTESIAN_POINT('',(0.0021,0.00575,0.009));
#5649=CARTESIAN_POINT('',(0.0021,0.00575,0.012));
#5650=CARTESIAN_POINT('',(0.0021,0.00575,0.012));
#5651=CARTESIAN_POINT('',(0.00485,0.00575,0.012));
#5652=CARTESIAN_POINT('',(0.0021,0.0055,0.012));
#5653=CARTESIAN_POINT('',(0.0021,0.0055,0.009));
#5654=CARTESIAN_POINT('',(0.0021,0.0055,0.012));
#5655=CARTESIAN_POINT('',(0.0036,0.005,0.012));
#5656=CARTESIAN_POINT('',(0.0036,0.005752,0.00025));
#5657=CARTESIAN_POINT('',(0.0036,0.00475,0.00025));
#5658=CARTESIAN_POINT('',(0.0036,0.00475,0.012));
#5659=CARTESIAN_POINT('',(0.0036,0.00475,0.012));
#5660=CARTESIAN_POINT('',(0.0036,0.005,0.012));
#5661=CARTESIAN_POINT('',(0.0041,0.00475,0.012));
#5662=CARTESIAN_POINT('',(-0.005295,0.00475,0.000249999999999998));
#5663=CARTESIAN_POINT('',(0.0046,0.00475,0.00025));
#5664=CARTESIAN_POINT('',(0.0046,0.00475,0.012));
#5665=CARTESIAN_POINT('',(0.0046,0.00475,0.012));
#5666=CARTESIAN_POINT('',(0.0041,0.00475,0.012));
#5667=CARTESIAN_POINT('',(0.0046,0.00425,0.012));
#5668=CARTESIAN_POINT('',(0.0046,0.005752,0.00025));
#5669=CARTESIAN_POINT('',(0.0046,0.00375,0.00025));
#5670=CARTESIAN_POINT('',(0.0046,0.00375,0.012));
#5671=CARTESIAN_POINT('',(0.0046,0.00375,0.012));
#5672=CARTESIAN_POINT('',(0.0046,0.00425,0.012));
#5673=CARTESIAN_POINT('',(0.0056,0.00375,0.012));
#5674=CARTESIAN_POINT('',(-0.005295,0.00375,0.000249999999999998));
#5675=CARTESIAN_POINT('',(0.0056,0.00375,0.012));
#5676=CARTESIAN_POINT('',(0.,0.,0.012));
#5677=CARTESIAN_POINT('',(-3.28546112874395E-19,-0.00225,0.012));
#5678=CARTESIAN_POINT('',(-0.00399,-0.00225,0.012));
#5679=CARTESIAN_POINT('',(-0.00399,-0.00225,0.012));
#5680=CARTESIAN_POINT('',(-3.28546112874395E-19,-0.00225,0.012));
#5681=CARTESIAN_POINT('',(0.,0.,0.));
#5682=CARTESIAN_POINT('',(-0.00252,-0.00835,0.0007));
#5683=CARTESIAN_POINT('',(-0.00252,-0.00835,0.0007));
#5684=CARTESIAN_POINT('',(-0.00207017020999118,-0.00835,0.000687624216363301));
#5685=CARTESIAN_POINT('',(0.,-0.00835,0.006));
#5686=CARTESIAN_POINT('',(0.00258,-0.00835,0.00324));
#5687=CARTESIAN_POINT('',(0.00258,-0.00835,0.00324));
#5688=CARTESIAN_POINT('',(0.00302945499331855,-0.00835,0.00326214066351815));
#5689=CARTESIAN_POINT('',(0.,-0.00835,0.006));
#5690=CARTESIAN_POINT('',(0.00054,-0.00835,0.00324));
#5691=CARTESIAN_POINT('',(0.00054,-0.00835,0.00324));
#5692=CARTESIAN_POINT('',(0.00099,-0.00835,0.00324));
#5693=CARTESIAN_POINT('',(0.,-0.00835,0.006));
#5694=CARTESIAN_POINT('',(-0.0015,-0.00835,0.00324));
#5695=CARTESIAN_POINT('',(-0.0015,-0.00835,0.00324));
#5696=CARTESIAN_POINT('',(-0.00105159826256319,-0.00835,0.00327789303186139));
#5697=CARTESIAN_POINT('',(0.,-0.00835,0.006));
#5698=CARTESIAN_POINT('',(-0.00048,-0.00835,0.0007));
#5699=CARTESIAN_POINT('',(-0.00048,-0.00835,0.0007));
#5700=CARTESIAN_POINT('',(-3.11169413773093E-5,-0.00835,0.000731685954010222));
#5701=CARTESIAN_POINT('',(0.,-0.00835,0.006));
#5702=CARTESIAN_POINT('',(0.00156,-0.00835,0.0007));
#5703=CARTESIAN_POINT('',(0.00156,-0.00835,0.0007));
#5704=CARTESIAN_POINT('',(0.00200982979000882,-0.00835,0.000687624216363301));
#5705=CARTESIAN_POINT('',(0.,-0.00835,0.006));
#5706=CARTESIAN_POINT('',(0.0036,-0.00835,0.0007));
#5707=CARTESIAN_POINT('',(0.0036,-0.00835,0.0007));
#5708=CARTESIAN_POINT('',(0.00404712236228938,-0.00835,0.000750809380440635));
#5709=CARTESIAN_POINT('',(0.,-0.00835,0.006));
#5710=CARTESIAN_POINT('',(-0.00354,-0.00835,0.00324));
#5711=CARTESIAN_POINT('',(-0.00354,-0.00835,0.00324));
#5712=CARTESIAN_POINT('',(-0.00309054500668145,-0.00835,0.00326214066351815));
#5713=CARTESIAN_POINT('',(0.,-0.00835,0.006));
#5714=CARTESIAN_POINT('',(0.,-0.00835,0.006));
#5715=CARTESIAN_POINT('',(0.00558,-0.00835,0.0239651664573636));
#5716=CARTESIAN_POINT('',(0.,-0.00835,0.006));
#5717=CARTESIAN_POINT('',(-0.00658,-0.00835,0.0239651664573636));
#5718=CARTESIAN_POINT('',(-0.00478,-0.00595,0.0239651664573636));
#5719=CARTESIAN_POINT('',(-0.00498,-0.00595,0.0239651664573636));
#5720=CARTESIAN_POINT('',(-0.00498,-0.00645,0.0239651664573636));
#5721=CARTESIAN_POINT('',(-0.00498,-0.00695,0.0239651664573636));
#5722=CARTESIAN_POINT('',(-0.00473,-0.0072,0.0239651664573636));
#5723=CARTESIAN_POINT('',(-0.00608,-0.00665,0.0239651664573636));
#5724=CARTESIAN_POINT('',(-0.00658,-0.00665,0.0239651664573636));
#5725=CARTESIAN_POINT('',(-0.00558,-0.00665,0.0239651664573636));
#5726=CARTESIAN_POINT('',(-0.00558,-0.0075,0.0239651664573636));
#5727=CARTESIAN_POINT('',(-0.00658,-0.0075,0.0239651664573636));
#5728=CARTESIAN_POINT('',(0.00473,-0.0072,0.0239651664573636));
#5729=CARTESIAN_POINT('',(0.00498,-0.00695,0.0239651664573636));
#5730=CARTESIAN_POINT('',(0.00498,-0.00645,0.0239651664573636));
#5731=CARTESIAN_POINT('',(0.00498,-0.00595,0.0239651664573636));
#5732=CARTESIAN_POINT('',(0.00478,-0.00595,0.0239651664573636));
#5733=CARTESIAN_POINT('',(0.00608,-0.00665,0.0239651664573636));
#5734=CARTESIAN_POINT('',(0.00558,-0.00665,0.0239651664573636));
#5735=CARTESIAN_POINT('',(0.00658,-0.00665,0.0239651664573636));
#5736=CARTESIAN_POINT('',(0.00658,-0.0075,0.0239651664573636));
#5737=CARTESIAN_POINT('',(0.00558,-0.0075,0.0239651664573636));
#5738=CARTESIAN_POINT('',(0.002102,0.0055,0.009));
#5739=CARTESIAN_POINT('',(-0.005295,0.005752,0.000249999999999998));
#5740=CARTESIAN_POINT('',(0.004052,-0.00125,0.000249999999999994));
#5741=CARTESIAN_POINT('',(0.005325,0.00025,0.000249999999999998));
#5742=CARTESIAN_POINT('',(-0.005295,0.00025,0.000249999999999998));
#5743=CARTESIAN_POINT('',(-0.00399,0.00025,0.000249999999999998));
#5744=CARTESIAN_POINT('',(-0.00399,0.00025,0.000249999999999998));
#5745=CARTESIAN_POINT('',(-0.00399,-0.00125,0.000249999999999998));
#5746=CARTESIAN_POINT('',(0.004052,-0.00125,0.000249999999999994));
#5747=CARTESIAN_POINT('',(-0.00303,0.00025,0.000249999999999998));
#5748=CARTESIAN_POINT('',(0.004052,-0.00125,0.000249999999999994));
#5749=CARTESIAN_POINT('',(-0.00201,0.00025,0.000249999999999998));
#5750=CARTESIAN_POINT('',(0.004052,-0.00125,0.000249999999999994));
#5751=CARTESIAN_POINT('',(-0.00099,0.00025,0.000249999999999998));
#5752=CARTESIAN_POINT('',(0.004052,-0.00125,0.000249999999999994));
#5753=CARTESIAN_POINT('',(2.99999999999984E-5,0.00025,0.000249999999999998));
#5754=CARTESIAN_POINT('',(0.004052,-0.00125,0.000249999999999994));
#5755=CARTESIAN_POINT('',(0.00105,0.00025,0.000249999999999998));
#5756=CARTESIAN_POINT('',(0.004052,-0.00125,0.000249999999999994));
#5757=CARTESIAN_POINT('',(0.00207,0.00025,0.000249999999999998));
#5758=CARTESIAN_POINT('',(0.004052,-0.00125,0.000249999999999994));
#5759=CARTESIAN_POINT('',(0.00309,0.00025,0.000249999999999998));
#5760=CARTESIAN_POINT('',(-0.00399,-0.00225,0.008375));
#5761=CARTESIAN_POINT('',(-0.00399,-0.00323033941534674,0.00586176529330162));
#5762=CARTESIAN_POINT('',(-0.00399,-0.00071067883069347,0.00115));
#5763=CARTESIAN_POINT('',(-0.00399,-0.00125,0.000861592957590086));
#5764=CARTESIAN_POINT('',(-0.00399,0.00025,0.003995));
#5765=CARTESIAN_POINT('',(-0.00399,0.00025,0.00475));
#5766=CARTESIAN_POINT('',(-0.00399,0.00025,0.00475));
#5767=CARTESIAN_POINT('',(-0.00399,-0.00225,0.00475));
#5768=CARTESIAN_POINT('',(-0.00399,-0.00225,0.008375));
#5769=CARTESIAN_POINT('',(2.95691501586956E-19,-0.00225,0.006));
#5770=CARTESIAN_POINT('',(-0.005295,-0.00225,0.00475));
#5771=CARTESIAN_POINT('',(2.95691501586956E-19,-0.00225,0.006));
#5772=CARTESIAN_POINT('',(0.005325,-0.00225,0.00475));
#5773=CARTESIAN_POINT('',(-3.28546112874395E-20,0.00025,0.006));
#5774=CARTESIAN_POINT('',(-3.28546112874395E-20,0.00025,0.006));
#5775=CARTESIAN_POINT('',(-3.28546112874395E-20,0.00025,0.006));
#5776=CARTESIAN_POINT('',(-3.28546112874395E-20,0.00025,0.006));
#5777=CARTESIAN_POINT('',(-3.28546112874395E-20,0.00025,0.006));
#5778=CARTESIAN_POINT('',(-3.28546112874395E-20,0.00025,0.006));
#5779=CARTESIAN_POINT('',(-3.28546112874395E-20,0.00025,0.006));
#5780=CARTESIAN_POINT('',(0.005325,0.00025,0.00475));
#5781=CARTESIAN_POINT('',(0.005325,0.00025,0.00475));
#5782=CARTESIAN_POINT('',(-3.28546112874395E-20,0.00025,0.006));
#5783=CARTESIAN_POINT('',(-0.005295,0.00025,0.00475));
#5784=CARTESIAN_POINT('',(-0.005295,0.00025,0.00475));
#5785=CARTESIAN_POINT('',(-3.28546112874395E-20,0.00025,0.006));
#5786=CARTESIAN_POINT('',(0.004052,-0.00323033941534674,0.00586176529330162));
#5787=CARTESIAN_POINT('',(0.004052,-0.000710678830693468,0.00115));
#5788=CARTESIAN_POINT('',(0.004052,-0.00125,0.000861592957590086));
#5789=CARTESIAN_POINT('',(0.004052,-0.00125,0.000861592957590086));
#5790=CARTESIAN_POINT('',(0.004052,-0.00125,0.000861592957590086));
#5791=CARTESIAN_POINT('',(0.004052,-0.00125,0.000861592957590086));
#5792=CARTESIAN_POINT('',(0.004052,-0.00125,0.000861592957590086));
#5793=CARTESIAN_POINT('',(0.004052,-0.00125,0.000861592957590086));
#5794=CARTESIAN_POINT('',(0.004052,-0.00125,0.000861592957590086));
#5795=CARTESIAN_POINT('',(0.004052,-0.00125,0.000861592957590086));
#5796=MECHANICAL_DESIGN_GEOMETRIC_PRESENTATION_REPRESENTATION('',(#3103,
#2808,#2809,#2810,#2811,#2812,#2813,#2814,#2815,#2816,#2817,#2818,#2819,
#2820,#2821,#2822,#2823,#2824,#2825,#2826,#2827,#2828,#2829,#2830,#2831,
#2832,#2833,#2834,#2835,#2836,#2837,#2838,#2839,#2840,#2841,#2842,#2843,
#2844,#2845,#2846,#2847,#2848,#2849,#2850,#2851,#2852,#2853,#2854,#2855,
#2856,#2857,#2858,#2859,#2860,#2861,#2862,#2863,#2864,#2865,#2866,#2867,
#2868,#2869,#2870,#2871,#2872,#2873,#2874,#2875,#2876,#2877,#2878,#2879,
#2880,#2881,#2882,#2883,#2884,#2885,#2886,#2887,#2888,#2889,#2890,#2891,
#2892,#2893,#2894,#2895,#2896,#2897,#2898,#2899,#2900,#2901,#2902,#2903,
#2904,#2905,#2906,#2907,#2908,#2909,#2910,#2911,#2912,#2913,#2914,#2915,
#2916,#2917,#2918,#2919,#2920,#2921,#2922,#2923,#2924,#2925,#2926,#2927,
#2928,#2929,#2930,#2931,#2932,#2933,#2934,#2935,#2936,#2937,#2938,#2939,
#2940,#2941,#2942,#2943,#2944,#2945,#2946,#2947),#5797);
#5797=(
GEOMETRIC_REPRESENTATION_CONTEXT(3)
GLOBAL_UNCERTAINTY_ASSIGNED_CONTEXT((#5798))
GLOBAL_UNIT_ASSIGNED_CONTEXT((#5801,#5800,#5799))
REPRESENTATION_CONTEXT('Part 1','TOP_LEVEL_ASSEMBLY_PART')
);
#5798=UNCERTAINTY_MEASURE_WITH_UNIT(LENGTH_MEASURE(2.E-5),#5801,
'DISTANCE_ACCURACY_VALUE','Maximum Tolerance applied to model');
#5799=(
NAMED_UNIT(*)
SI_UNIT($,.STERADIAN.)
SOLID_ANGLE_UNIT()
);
#5800=(
NAMED_UNIT(*)
PLANE_ANGLE_UNIT()
SI_UNIT($,.RADIAN.)
);
#5801=(
LENGTH_UNIT()
NAMED_UNIT(*)
SI_UNIT($,.METRE.)
);
#5802=PRODUCT_DEFINITION_SHAPE('','',#5803);
#5803=PRODUCT_DEFINITION('','',#5805,#5804);
#5804=PRODUCT_DEFINITION_CONTEXT('',#5811,'design');
#5805=PRODUCT_DEFINITION_FORMATION_WITH_SPECIFIED_SOURCE('','',#5807,
 .NOT_KNOWN.);
#5806=PRODUCT_RELATED_PRODUCT_CATEGORY('','',(#5807));
#5807=PRODUCT('Part 1','Part 1','Part 1',(#5809));
#5808=PRODUCT_CATEGORY('','');
#5809=PRODUCT_CONTEXT('',#5811,'mechanical');
#5810=APPLICATION_PROTOCOL_DEFINITION('international standard',
'ap242_managed_model_based_3d_engineering',2020,#5811);
#5811=APPLICATION_CONTEXT('managed model based 3d engineering');
ENDSEC;
END-ISO-10303-21;
